frame,xmin,ymin,xmax,ymax,area,class_id
0001000.jpg,310,104,445,443,45765,1
0000999.jpg,194,96,354,478,61120,1
0000998.jpg,105,134,383,244,30580,1
0000997.jpg,157,89,493,194,35280,1
0000996.jpg,51,207,435,347,53760,1
0000995.jpg,183,156,536,283,44831,1
0000994.jpg,156,178,392,266,20768,2
0000993.jpg,207,119,449,213,22748,2
0000992.jpg,47,213,348,346,40033,2
0000991.jpg,135,126,410,265,38225,2
0000989.jpg,71,218,332,400,47502,3
0000988.jpg,444,95,549,324,24045,3
0000987.jpg,102,90,198,314,21504,3
0000986.jpg,269,173,391,452,34038,3
0000985.jpg,336,98,456,370,32640,3
0000984.jpg,141,93,266,409,39500,1
0000983.jpg,169,123,291,425,36844,1
0000982.jpg,442,90,565,430,41820,1
0000981.jpg,168,30,302,395,48910,1
0000980.jpg,219,101,361,476,53250,1
0000979.jpg,240,81,349,364,30847,2
0000979.jpg,134,161,235,351,19190,3
0000978.jpg,206,216,314,395,19332,3
0000978.jpg,319,120,431,413,32816,2
0000977.jpg,30,140,294,283,37752,2
0000976.jpg,86,238,400,364,39564,2
0000975.jpg,88,164,416,307,46904,2
0000974.jpg,225,119,398,387,46364,2
0000973.jpg,227,90,343,327,27492,2
0000972.jpg,212,107,361,431,48276,2
0000971.jpg,275,36,399,347,38564,2
0000970.jpg,314,63,451,378,43155,3
0000969.jpg,296,52,466,360,52360,3
0000968.jpg,118,164,248,411,32110,3
0000967.jpg,203,161,308,432,28455,3
0000966.jpg,276,19,393,272,29601,3
0000965.jpg,179,49,309,395,44980,1
0000964.jpg,223,51,333,394,37730,1
0000963.jpg,55,56,154,384,32472,1
0000962.jpg,207,75,298,374,27209,1
0000961.jpg,225,37,333,278,26028,3
0000961.jpg,3,178,59,307,7224,1
0000960.jpg,227,25,329,271,25092,3
0000960.jpg,4,183,53,303,5880,1
0000959.jpg,186,60,278,306,22632,3
0000958.jpg,187,203,314,439,29972,3
0000957.jpg,137,75,307,361,48620,3
0000956.jpg,170,69,291,390,38841,3
0000955.jpg,182,109,295,389,31640,3
0000954.jpg,157,118,303,476,52268,3
0000953.jpg,283,10,452,363,59657,2
0000952.jpg,176,19,380,397,77112,2
0000951.jpg,147,245,256,472,24743,1
0000950.jpg,101,70,237,472,54672,1
0000949.jpg,120,2,275,466,71920,1
0000948.jpg,235,2,387,451,68248,1
0000948.jpg,70,210,187,397,21879,3
0000948.jpg,3,305,45,439,5628,2
0000947.jpg,241,46,365,479,53692,1
0000947.jpg,114,249,214,432,18300,3
0000947.jpg,3,285,61,458,10034,2
0000946.jpg,18,192,123,368,18480,3
0000946.jpg,134,0,260,386,48636,1
0000945.jpg,129,146,256,464,40386,1
0000945.jpg,253,34,353,220,18600,3
0000945.jpg,121,53,222,226,17473,2
0000944.jpg,131,45,228,227,17654,2
0000944.jpg,256,39,353,226,18139,3
0000944.jpg,133,147,267,463,42344,1
0000943.jpg,5,168,103,472,29792,1
0000943.jpg,2,1,61,171,10030,2
0000943.jpg,70,0,175,163,17115,3
0000942.jpg,168,163,269,420,25957,1
0000942.jpg,183,4,255,188,13248,2
0000942.jpg,274,13,353,168,12245,3
0000941.jpg,92,118,201,357,26051,2
0000941.jpg,241,127,338,337,20370,3
0000941.jpg,57,400,181,478,9672,1
0000940.jpg,2,154,143,396,34122,2
0000940.jpg,151,170,290,369,27661,3
0000940.jpg,33,435,98,478,2795,1
0000939.jpg,146,201,288,476,39050,1
0000939.jpg,189,106,303,325,24966,2
0000939.jpg,334,83,458,270,23188,3
0000938.jpg,5,204,159,475,41734,1
0000938.jpg,35,99,166,320,28951,2
0000938.jpg,193,66,322,259,24897,3
0000937.jpg,181,134,328,479,50715,1
0000937.jpg,224,24,340,253,26564,2
0000937.jpg,392,17,510,238,26078,3
0000936.jpg,88,114,208,327,25560,2
0000936.jpg,265,101,384,298,23443,3
0000936.jpg,447,71,534,344,23751,1
0000935.jpg,134,133,233,332,19701,2
0000935.jpg,255,112,375,283,20520,3
0000935.jpg,452,88,534,335,20254,1
0000934.jpg,254,91,361,332,25787,2
0000934.jpg,403,79,532,285,26574,3
0000933.jpg,54,98,204,417,47850,2
0000933.jpg,287,95,407,355,31200,3
0000933.jpg,537,90,638,453,36663,1
0000932.jpg,33,118,167,434,42344,2
0000932.jpg,251,125,387,389,35904,3
0000932.jpg,514,100,637,464,44772,1
0000931.jpg,244,146,314,363,15190,1
0000931.jpg,71,171,171,335,16400,3
0000931.jpg,0,177,38,371,7372,2
0000930.jpg,239,41,308,258,14973,1
0000930.jpg,70,64,171,228,16564,3
0000930.jpg,1,67,44,256,8127,2
0000929.jpg,174,155,273,304,14751,3
0000929.jpg,275,109,360,276,14195,2
0000929.jpg,425,82,504,283,15879,1
0000928.jpg,124,150,213,294,12816,3
0000928.jpg,236,104,299,251,9261,2
0000928.jpg,352,68,440,264,17248,1
0000927.jpg,92,172,185,308,12648,3
0000927.jpg,201,121,284,271,12450,2
0000927.jpg,314,92,403,278,16554,1
0000926.jpg,166,179,268,347,17136,3
0000926.jpg,320,147,387,323,11792,2
0000926.jpg,449,129,525,352,16948,1
0000925.jpg,197,190,312,421,26565,3
0000925.jpg,351,145,435,352,17388,2
0000925.jpg,492,135,577,410,23375,1
0000924.jpg,277,175,362,382,17595,3
0000924.jpg,412,155,490,346,14898,2
0000924.jpg,526,70,617,339,24479,1
0000923.jpg,360,170,470,449,30690,3
0000923.jpg,545,155,638,412,23901,2
0000922.jpg,0,164,68,376,14416,2
0000922.jpg,105,75,204,356,27819,1
0000921.jpg,200,225,285,408,15555,3
0000921.jpg,311,182,395,379,16548,2
0000921.jpg,434,95,519,370,23375,1
0000920.jpg,327,179,406,372,15247,3
0000920.jpg,441,148,532,358,19110,2
0000920.jpg,576,68,639,357,18207,1
0000919.jpg,175,210,267,410,18400,3
0000919.jpg,290,161,377,367,17922,2
0000919.jpg,409,60,502,346,26598,1
0000918.jpg,46,279,131,478,16915,3
0000918.jpg,164,233,244,442,16720,2
0000918.jpg,282,147,365,422,22825,1
0000917.jpg,0,165,63,473,19404,3
0000917.jpg,121,115,271,438,48450,2
0000917.jpg,288,3,480,428,81600,1
0000916.jpg,99,329,240,477,20868,3
0000916.jpg,283,275,430,473,29106,2
0000916.jpg,462,148,639,480,58764,1
0000915.jpg,52,214,189,478,36168,3
0000915.jpg,231,159,373,478,45298,2
0000915.jpg,407,21,595,475,85352,1
0000914.jpg,3,187,66,479,18396,3
0000914.jpg,112,123,251,475,48928,2
0000914.jpg,309,2,479,451,76330,1
0000913.jpg,421,126,576,477,54405,3
0000912.jpg,253,143,405,472,50008,3
0000912.jpg,420,92,596,442,61600,2
0000911.jpg,235,102,384,438,50064,3
0000911.jpg,402,47,574,399,60544,2
0000911.jpg,581,58,639,380,18676,1
0000910.jpg,197,130,310,391,29493,3
0000910.jpg,341,70,450,350,30520,2
0000910.jpg,484,3,635,325,48622,1
0000909.jpg,321,181,432,452,30081,3
0000909.jpg,468,121,590,411,35380,2
0000908.jpg,3,55,165,417,58644,3
0000908.jpg,202,6,369,422,69472,2
0000908.jpg,456,4,636,447,79740,1
0000907.jpg,45,36,244,413,75023,3
0000907.jpg,286,2,473,427,79475,2
0000907.jpg,561,2,639,444,34476,1
0000906.jpg,398,57,587,479,79758,3
0000905.jpg,271,83,427,418,52260,3
0000905.jpg,484,35,638,438,62062,2
0000904.jpg,220,49,389,389,57460,3
0000904.jpg,431,3,596,395,64680,2
0000903.jpg,136,91,290,399,47432,3
0000903.jpg,315,45,483,405,60480,2
0000903.jpg,551,1,636,440,37315,1
0000902.jpg,125,159,236,395,26196,3
0000902.jpg,268,141,383,413,31280,2
0000902.jpg,434,41,584,450,61350,1
0000901.jpg,68,170,188,410,28800,3
0000901.jpg,212,149,336,424,34100,2
0000901.jpg,386,45,525,456,57129,1
0000900.jpg,37,148,186,419,40379,3
0000900.jpg,192,111,350,419,48664,2
0000900.jpg,397,0,548,449,67799,1
0000899.jpg,152,130,255,340,21630,3
0000899.jpg,272,102,384,344,27104,2
0000899.jpg,433,4,538,364,37800,1
0000898.jpg,240,110,304,266,9984,3
0000898.jpg,339,91,403,266,11200,2
0000898.jpg,435,27,528,273,22878,1
0000897.jpg,101,184,180,343,12561,3
0000897.jpg,197,154,275,326,13416,2
0000897.jpg,306,77,390,317,20160,1
0000896.jpg,270,198,347,366,12936,3
0000896.jpg,374,157,449,346,14175,2
0000896.jpg,482,72,567,330,21930,1
0000895.jpg,204,189,286,369,14760,3
0000895.jpg,314,152,393,346,15326,2
0000895.jpg,426,61,518,330,24748,1
0000894.jpg,201,156,304,338,18746,2
0000894.jpg,297,141,379,300,13038,3
0000894.jpg,387,30,480,273,22599,1
0000893.jpg,115,191,216,425,23634,2
0000893.jpg,191,159,269,354,15210,3
0000893.jpg,279,24,367,310,25168,1
0000892.jpg,281,212,397,475,30508,2
0000892.jpg,381,171,473,403,21344,3
0000892.jpg,483,11,617,352,45694,1
0000891.jpg,316,395,411,480,8075,2
0000891.jpg,385,360,458,480,8760,3
0000891.jpg,458,244,556,478,22932,1
0000890.jpg,85,305,151,439,8844,2
0000890.jpg,150,296,209,413,6903,3
0000890.jpg,210,217,280,389,12040,1
0000889.jpg,164,229,257,430,18693,2
0000889.jpg,266,214,339,390,12848,3
0000889.jpg,368,106,455,372,23142,1
0000888.jpg,161,234,266,450,22680,2
0000888.jpg,272,211,353,399,15228,3
0000888.jpg,383,91,470,375,24708,1
0000887.jpg,169,158,287,438,33040,1
0000887.jpg,289,199,389,395,19600,2
0000887.jpg,383,183,467,351,14112,3
0000886.jpg,251,68,394,415,49621,1
0000886.jpg,412,134,531,376,28798,2
0000886.jpg,553,120,638,343,18955,3
0000885.jpg,104,37,266,434,64314,1
0000885.jpg,286,118,414,400,36096,2
0000885.jpg,440,117,548,367,27000,3
0000884.jpg,59,109,162,355,25338,1
0000884.jpg,171,168,254,350,15106,2
0000884.jpg,273,177,349,340,12388,3
0000883.jpg,96,99,197,363,26664,1
0000883.jpg,212,174,298,367,16598,2
0000883.jpg,327,191,402,364,12975,3
0000882.jpg,238,31,340,298,27234,1
0000882.jpg,332,106,419,301,16965,2
0000882.jpg,453,127,530,308,13937,3
0000881.jpg,167,85,271,353,27872,1
0000881.jpg,262,158,351,354,17444,2
0000881.jpg,382,179,462,356,14160,3
0000880.jpg,132,89,253,381,35332,1
0000880.jpg,246,152,345,361,20691,2
0000880.jpg,374,158,457,337,14857,3
0000879.jpg,156,205,255,464,25641,1
0000879.jpg,255,259,331,442,13908,2
0000879.jpg,359,264,425,411,9702,3
0000878.jpg,303,65,402,385,31680,1
0000878.jpg,413,140,503,370,20700,2
0000878.jpg,530,151,618,328,15576,3
0000877.jpg,179,23,303,419,49104,1
0000877.jpg,297,103,398,369,26866,2
0000877.jpg,394,101,483,291,16910,3
0000876.jpg,176,63,299,466,49569,1
0000876.jpg,299,141,403,414,28392,2
0000876.jpg,401,142,498,336,18818,3
0000875.jpg,228,95,351,459,44772,1
0000875.jpg,361,167,464,419,25956,2
0000875.jpg,483,162,580,362,19400,3
0000874.jpg,149,69,300,430,54511,1
0000874.jpg,285,136,394,390,27686,2
0000874.jpg,417,127,505,322,17160,3
0000873.jpg,227,70,344,425,41535,1
0000873.jpg,347,140,445,388,24304,2
0000873.jpg,456,135,560,326,19864,3
0000872.jpg,278,181,374,433,24192,1
0000872.jpg,335,219,389,343,6696,2
0000872.jpg,375,206,439,338,8448,3
0000871.jpg,181,162,271,444,25380,1
0000871.jpg,259,199,305,358,7314,2
0000871.jpg,308,200,381,346,10658,3
0000870.jpg,357,183,444,436,22011,1
0000870.jpg,429,228,490,395,10187,2
0000870.jpg,514,231,581,367,9112,3
0000869.jpg,103,107,213,372,29150,1
0000869.jpg,190,156,277,339,15921,2
0000869.jpg,297,160,377,323,13040,3
0000868.jpg,144,116,270,424,38808,1
0000868.jpg,237,175,344,393,23326,2
0000868.jpg,371,185,465,375,17860,3
0000867.jpg,121,2,274,425,64719,1
0000867.jpg,280,58,416,402,46784,2
0000867.jpg,469,119,618,427,45892,3
0000866.jpg,83,121,209,418,37422,2
0000866.jpg,274,142,378,400,26832,3
0000865.jpg,128,88,254,386,37548,2
0000865.jpg,320,112,430,375,28930,3
0000864.jpg,202,79,345,394,45045,2
0000864.jpg,395,117,529,419,40468,3
0000863.jpg,236,100,387,416,47716,3
0000862.jpg,238,107,364,397,36540,3
0000861.jpg,185,149,289,369,22880,3
0000861.jpg,264,122,384,390,32160,2
0000861.jpg,358,17,500,420,57226,1
0000860.jpg,211,165,299,364,17512,3
0000860.jpg,282,148,391,382,25506,2
0000860.jpg,376,53,488,412,40208,1
0000859.jpg,153,205,202,304,4851,3
0000859.jpg,196,189,247,310,6171,2
0000859.jpg,242,143,300,315,9976,1
0000858.jpg,209,278,267,397,6902,3
0000858.jpg,254,261,319,400,9035,2
0000858.jpg,302,207,377,406,14925,1
0000857.jpg,158,241,219,379,8418,3
0000857.jpg,210,225,279,382,10833,2
0000857.jpg,275,167,352,394,17479,1
0000856.jpg,205,257,278,419,11826,3
0000856.jpg,264,241,348,427,15624,2
0000856.jpg,339,173,431,441,24656,1
0000855.jpg,148,173,260,415,27104,3
0000855.jpg,250,150,369,435,33915,2
0000855.jpg,377,31,506,461,55470,1
0000854.jpg,70,196,177,437,25787,3
0000854.jpg,169,175,283,449,31236,2
0000854.jpg,292,66,412,471,48600,1
0000853.jpg,286,181,379,397,20088,3
0000853.jpg,383,155,486,407,25956,2
0000853.jpg,497,48,612,427,43585,1
0000852.jpg,184,181,279,412,21945,3
0000852.jpg,292,161,395,418,26471,2
0000852.jpg,404,61,534,436,48750,1
0000851.jpg,233,182,349,444,30392,3
0000851.jpg,340,144,467,431,36449,2
0000851.jpg,483,6,625,429,60066,1
0000850.jpg,246,118,341,355,22515,3
0000850.jpg,349,85,451,350,27030,2
0000850.jpg,475,6,601,356,44100,1
0000849.jpg,247,172,374,432,33020,3
0000849.jpg,336,131,462,411,35280,2
0000849.jpg,433,22,568,386,49140,1
0000848.jpg,57,142,159,369,23154,3
0000848.jpg,152,105,246,349,22936,2
0000848.jpg,233,14,342,330,34444,1
0000847.jpg,0,150,48,376,10848,3
0000847.jpg,25,123,134,369,26814,2
0000847.jpg,100,48,236,358,42160,1
0000846.jpg,154,188,243,398,18690,3
0000846.jpg,243,159,337,393,21996,2
0000846.jpg,350,64,458,381,34236,1
0000845.jpg,377,161,477,365,20400,3
0000845.jpg,466,137,569,360,22969,2
0000845.jpg,546,61,638,364,27876,1
0000844.jpg,186,206,269,369,13529,3
0000844.jpg,252,184,329,362,13706,2
0000844.jpg,327,115,420,360,22785,1
0000843.jpg,178,195,255,371,13552,3
0000843.jpg,258,171,337,367,15484,2
0000843.jpg,351,100,440,371,24119,1
0000842.jpg,264,187,354,419,20880,3
0000842.jpg,343,166,460,435,31473,2
0000842.jpg,460,54,597,475,57677,1
0000841.jpg,218,226,300,434,17056,3
0000841.jpg,289,213,387,451,23324,2
0000841.jpg,394,121,505,476,39405,1
0000840.jpg,158,161,233,340,13425,3
0000840.jpg,217,141,313,350,20064,2
0000840.jpg,302,52,407,365,32865,1
0000839.jpg,417,196,472,341,7975,3
0000839.jpg,470,183,540,351,11760,2
0000839.jpg,550,124,626,370,18696,1
0000838.jpg,228,145,272,247,4488,3
0000838.jpg,266,132,318,247,5980,2
0000838.jpg,323,87,381,250,9454,1
0000837.jpg,298,223,347,339,5684,3
0000837.jpg,343,211,399,342,7336,2
0000837.jpg,411,162,471,351,11340,1
0000836.jpg,34,251,102,405,10472,3
0000836.jpg,93,232,169,408,13376,2
0000836.jpg,176,166,256,419,20240,1
0000835.jpg,116,165,199,352,15521,3
0000835.jpg,190,141,286,352,20256,2
0000835.jpg,298,52,396,363,30478,1
0000834.jpg,99,183,200,418,23735,3
0000834.jpg,205,148,309,418,28080,2
0000834.jpg,340,46,447,421,40125,1
0000833.jpg,165,199,251,414,18490,3
0000833.jpg,262,174,352,413,21510,2
0000833.jpg,382,76,483,424,35148,1
0000832.jpg,158,167,230,343,12672,3
0000832.jpg,236,146,312,344,15048,2
0000832.jpg,336,71,421,352,23885,1
0000831.jpg,189,222,229,318,3840,3
0000831.jpg,232,210,274,317,4494,2
0000831.jpg,284,168,328,315,6468,1
0000830.jpg,138,216,179,314,4018,3
0000830.jpg,177,204,223,312,4968,2
0000830.jpg,233,162,281,309,7056,1
0000829.jpg,199,234,242,332,4214,3
0000829.jpg,241,221,289,330,5232,2
0000829.jpg,296,180,344,328,7104,1
0000828.jpg,302,202,355,326,6572,3
0000828.jpg,351,185,413,321,8432,2
0000828.jpg,421,130,484,321,12033,1
0000827.jpg,182,312,244,471,9858,3
0000827.jpg,244,291,318,466,12950,2
0000827.jpg,330,220,409,472,19908,1
0000826.jpg,302,350,372,480,9100,3
0000826.jpg,375,335,452,480,11165,2
0000826.jpg,465,257,550,477,18700,1
0000825.jpg,43,1,167,232,28644,3
0000825.jpg,150,3,247,203,19400,2
0000825.jpg,241,4,341,174,17000,1
0000824.jpg,12,30,126,291,29754,3
0000824.jpg,111,3,219,264,28188,2
0000824.jpg,215,2,323,242,25920,1
0000823.jpg,52,231,178,480,31374,3
0000823.jpg,173,199,296,479,34440,2
0000823.jpg,292,89,434,472,54386,1
0000822.jpg,33,276,155,480,24888,3
0000822.jpg,157,235,277,479,29280,2
0000822.jpg,290,107,414,478,46004,1
0000821.jpg,142,271,267,475,25500,3
0000821.jpg,261,240,384,478,29274,2
0000821.jpg,387,120,517,476,46280,1
0000820.jpg,89,109,217,419,39680,3
0000820.jpg,224,82,350,397,39690,2
0000820.jpg,363,0,502,377,52403,1
0000819.jpg,28,43,168,326,39620,3
0000819.jpg,156,7,286,299,37960,2
0000819.jpg,287,2,405,265,31034,1
0000818.jpg,4,107,119,383,31740,3
0000818.jpg,126,83,278,392,46968,2
0000818.jpg,281,0,452,401,68571,1
0000817.jpg,131,119,259,424,39040,3
0000817.jpg,295,82,431,435,48008,2
0000817.jpg,468,4,636,439,73080,1
0000816.jpg,512,28,636,361,41292,3
0000815.jpg,354,127,469,407,32200,3
0000815.jpg,502,84,632,406,41860,2
0000814.jpg,343,91,455,378,32144,3
0000814.jpg,493,50,624,379,43099,2
0000813.jpg,368,96,475,366,28890,3
0000813.jpg,514,53,633,367,37366,2
0000812.jpg,393,141,487,371,21620,3
0000812.jpg,519,106,623,378,28288,2
0000811.jpg,246,164,328,367,16646,3
0000811.jpg,354,134,444,371,21330,2
0000811.jpg,469,27,577,372,37260,1
0000810.jpg,48,134,132,335,16884,3
0000810.jpg,160,110,245,338,19380,2
0000810.jpg,268,5,375,344,36273,1
0000809.jpg,225,146,306,343,15957,3
0000809.jpg,329,117,413,344,19068,2
0000809.jpg,444,20,543,343,31977,1
0000808.jpg,102,148,187,353,17425,3
0000808.jpg,206,125,297,347,20202,2
0000808.jpg,323,31,424,337,30906,1
0000807.jpg,178,165,248,335,11900,3
0000807.jpg,265,145,340,333,14100,2
0000807.jpg,360,67,451,327,23660,1
0000806.jpg,304,242,362,374,7656,3
0000806.jpg,370,219,430,369,9000,2
0000806.jpg,449,163,514,363,13000,1
0000805.jpg,258,229,323,374,9425,3
0000805.jpg,323,202,392,357,10695,2
0000805.jpg,405,129,470,346,14105,1
0000804.jpg,179,217,259,413,15680,3
0000804.jpg,260,185,342,389,16728,2
0000804.jpg,358,97,438,366,21520,1
0000803.jpg,110,190,203,400,19530,3
0000803.jpg,201,160,288,374,18618,2
0000803.jpg,299,63,390,346,25753,1
0000802.jpg,30,101,130,347,24600,3
0000802.jpg,130,86,238,324,25704,2
0000802.jpg,233,5,358,318,39125,1
0000801.jpg,100,175,203,405,23690,3
0000801.jpg,195,146,293,373,22246,2
0000801.jpg,296,59,402,366,32542,1
0000800.jpg,176,179,257,380,16281,3
0000800.jpg,271,150,351,355,16400,2
0000800.jpg,359,64,448,340,24564,1
0000799.jpg,156,196,235,401,16195,3
0000799.jpg,263,168,347,381,17892,2
0000799.jpg,356,82,453,372,28130,1
0000798.jpg,225,159,306,345,15066,3
0000798.jpg,326,126,408,329,16646,2
0000798.jpg,417,46,516,326,27720,1
0000797.jpg,134,156,226,374,20056,3
0000797.jpg,271,128,364,372,22692,2
0000797.jpg,368,25,483,384,41285,1
0000796.jpg,93,153,184,358,18655,3
0000796.jpg,223,118,316,355,22041,2
0000796.jpg,314,23,421,364,36487,1
0000795.jpg,203,153,278,330,13275,3
0000795.jpg,311,129,392,332,16443,2
0000795.jpg,384,35,480,337,28992,1
0000794.jpg,133,233,185,363,6760,3
0000794.jpg,203,215,266,357,8946,2
0000794.jpg,250,150,321,355,14555,1
0000793.jpg,146,169,204,288,6902,3
0000793.jpg,213,150,272,285,7965,2
0000793.jpg,258,94,321,284,11970,1
0000792.jpg,134,203,185,332,6579,3
0000792.jpg,212,181,272,335,9240,2
0000792.jpg,273,117,340,330,14271,1
0000791.jpg,257,201,309,336,7020,3
0000791.jpg,341,187,400,336,8791,2
0000791.jpg,397,127,468,340,15123,1
0000790.jpg,218,282,274,428,8176,3
0000790.jpg,298,257,360,416,9858,2
0000790.jpg,370,194,433,411,13671,1
0000789.jpg,174,316,235,470,9394,3
0000789.jpg,262,289,324,464,10850,2
0000789.jpg,340,224,405,457,15145,1
0000788.jpg,348,161,472,409,30752,3
0000788.jpg,488,145,629,414,37929,2
0000787.jpg,62,3,161,323,31680,1
0000787.jpg,183,126,262,323,15563,3
0000787.jpg,277,103,366,313,18690,2
0000786.jpg,178,73,265,373,26100,1
0000786.jpg,286,185,360,372,13838,3
0000786.jpg,376,164,457,365,16281,2
0000785.jpg,304,46,389,330,24140,1
0000785.jpg,407,153,484,328,13475,3
0000785.jpg,497,119,575,316,15366,2
0000784.jpg,177,75,262,351,23460,1
0000784.jpg,277,178,351,346,12432,3
0000784.jpg,362,148,437,332,13800,2
0000783.jpg,64,33,141,269,18172,1
0000783.jpg,150,121,215,261,9100,3
0000783.jpg,221,96,286,248,9880,2
0000782.jpg,33,77,109,309,17632,1
0000782.jpg,118,164,181,305,8883,3
0000782.jpg,192,142,255,295,9639,2
0000781.jpg,58,77,137,318,19039,1
0000781.jpg,147,164,208,314,9150,3
0000781.jpg,218,146,282,304,10112,2
0000780.jpg,30,337,68,469,5016,1
0000780.jpg,75,378,111,467,3204,3
0000780.jpg,117,365,154,458,3441,2
0000779.jpg,218,335,256,465,4940,1
0000779.jpg,263,378,300,462,3108,3
0000779.jpg,304,364,341,456,3404,2
0000778.jpg,306,336,345,467,5109,1
0000778.jpg,348,381,386,466,3230,3
0000778.jpg,389,370,429,457,3480,2
0000777.jpg,436,213,478,344,5502,1
0000777.jpg,482,258,521,339,3159,3
0000777.jpg,523,244,565,336,3864,2
0000776.jpg,234,227,275,353,5166,1
0000776.jpg,277,267,315,348,3078,3
0000776.jpg,315,257,354,342,3315,2
0000775.jpg,63,218,106,343,5375,1
0000775.jpg,111,259,148,339,2960,3
0000775.jpg,152,245,189,332,3219,2
0000774.jpg,61,16,103,143,5334,1
0000774.jpg,108,60,146,143,3154,3
0000774.jpg,150,53,187,140,3219,2
0000773.jpg,204,53,242,179,4788,1
0000773.jpg,248,99,280,180,2592,3
0000773.jpg,286,87,322,173,3096,2
0000772.jpg,401,36,439,164,4864,1
0000772.jpg,445,80,478,158,2574,3
0000772.jpg,484,64,520,152,3168,2
0000771.jpg,459,158,495,281,4428,1
0000771.jpg,503,200,536,280,2640,3
0000771.jpg,540,186,578,277,3458,2
0000770.jpg,474,210,514,339,5160,1
0000770.jpg,517,259,557,338,3160,3
0000770.jpg,557,246,598,333,3567,2
0000769.jpg,264,219,301,342,4551,1
0000769.jpg,306,263,341,340,2695,3
0000769.jpg,348,251,382,341,3060,2
0000768.jpg,174,146,216,286,5880,1
0000768.jpg,218,195,256,288,3534,3
0000768.jpg,264,189,303,282,3627,2
0000767.jpg,231,134,280,301,8183,1
0000767.jpg,287,195,331,300,4620,3
0000767.jpg,339,178,384,291,5085,2
0000766.jpg,197,129,260,343,13482,1
0000766.jpg,273,205,326,344,7367,3
0000766.jpg,339,192,398,341,8791,2
0000765.jpg,181,139,271,432,26370,1
0000765.jpg,280,245,361,435,15390,3
0000765.jpg,374,213,461,424,18357,2
0000764.jpg,160,81,253,396,29295,1
0000764.jpg,269,195,350,398,16443,3
0000764.jpg,370,167,458,392,19800,2
0000763.jpg,181,48,279,383,32830,1
0000763.jpg,299,174,380,391,17577,3
0000763.jpg,406,147,496,382,21150,2
0000762.jpg,84,65,207,441,46248,1
0000762.jpg,196,199,299,435,24308,3
0000762.jpg,335,143,454,421,33082,2
0000761.jpg,121,80,222,400,32320,1
0000761.jpg,210,196,295,405,17765,3
0000761.jpg,321,165,413,410,22540,2
0000760.jpg,244,97,328,372,23100,1
0000760.jpg,307,200,386,387,14773,3
0000760.jpg,400,179,490,400,19890,2
0000759.jpg,256,154,331,391,17775,1
0000759.jpg,323,236,392,393,10833,3
0000759.jpg,411,212,487,388,13376,2
0000758.jpg,249,133,311,349,13392,1
0000758.jpg,307,213,364,354,8037,3
0000758.jpg,388,195,455,351,10452,2
0000757.jpg,233,162,284,335,8823,1
0000757.jpg,281,225,330,337,5488,3
0000757.jpg,343,208,395,339,6812,2
0000756.jpg,213,212,254,348,5576,1
0000756.jpg,251,261,289,353,3496,3
0000756.jpg,304,249,344,350,4040,2
0000755.jpg,280,167,321,312,5945,1
0000755.jpg,321,218,354,310,3036,3
0000755.jpg,373,207,412,307,3900,2
0000754.jpg,233,170,271,295,4750,1
0000754.jpg,270,212,304,294,2788,3
0000754.jpg,319,200,352,286,2838,2
0000753.jpg,228,186,264,313,4572,1
0000753.jpg,264,229,300,308,2844,3
0000753.jpg,314,215,348,303,2992,2
0000752.jpg,199,189,239,329,5600,1
0000752.jpg,238,238,274,325,3132,3
0000752.jpg,292,223,331,318,3705,2
0000751.jpg,298,175,347,341,8134,1
0000751.jpg,348,231,390,341,4620,3
0000751.jpg,414,219,457,331,4816,2
0000750.jpg,252,204,316,436,14848,1
0000750.jpg,315,285,374,431,8614,3
0000750.jpg,406,265,468,420,9610,2
0000749.jpg,201,197,283,473,22632,1
0000749.jpg,282,300,350,475,11900,3
0000749.jpg,387,280,467,472,15360,2
0000748.jpg,232,222,297,376,10010,3
0000748.jpg,328,197,399,370,12283,2
0000748.jpg,413,129,484,381,17892,1
0000747.jpg,30,233,107,424,14707,3
0000747.jpg,151,210,231,414,16320,2
0000747.jpg,248,124,330,426,24764,1
0000746.jpg,4,177,88,383,17304,3
0000746.jpg,180,156,262,387,18942,2
0000746.jpg,319,72,421,400,33456,1
0000745.jpg,69,190,157,419,20152,2
0000745.jpg,211,100,309,425,31850,1
0000744.jpg,3,136,42,341,7995,3
0000744.jpg,128,126,218,352,20340,2
0000744.jpg,259,51,369,374,35530,1
0000743.jpg,4,349,100,478,12384,3
0000743.jpg,191,324,303,478,17248,2
0000743.jpg,375,211,495,478,32040,1
0000742.jpg,56,239,166,479,26400,3
0000742.jpg,266,231,387,480,30129,2
0000742.jpg,466,121,608,474,50126,1
0000741.jpg,358,143,438,355,16960,3
0000741.jpg,528,120,624,364,23424,2
0000740.jpg,49,200,134,412,18020,2
0000740.jpg,180,128,271,426,27118,1
0000739.jpg,71,165,165,375,19740,3
0000739.jpg,215,147,318,400,26059,2
0000739.jpg,372,45,484,434,43568,1
0000738.jpg,99,167,179,351,14720,3
0000738.jpg,224,150,316,364,19688,2
0000738.jpg,356,56,457,391,33835,1
0000737.jpg,190,262,237,367,4935,3
0000737.jpg,259,245,311,368,6396,2
0000737.jpg,326,195,389,375,11340,1
0000736.jpg,242,268,288,369,4646,3
0000736.jpg,310,248,366,373,7000,2
0000736.jpg,377,197,442,376,11635,1
0000735.jpg,134,183,192,303,6960,3
0000735.jpg,212,167,275,301,8442,2
0000735.jpg,290,104,362,310,14832,1
0000734.jpg,166,144,227,281,8357,3
0000734.jpg,265,129,332,288,10653,2
0000734.jpg,362,60,434,300,17280,1
0000733.jpg,157,218,220,358,8820,3
0000733.jpg,258,198,328,357,11130,2
0000733.jpg,354,129,438,368,20076,1
0000732.jpg,141,239,205,405,10624,3
0000732.jpg,274,220,346,405,13320,2
0000732.jpg,394,148,472,415,20826,1
0000731.jpg,66,258,163,474,20952,3
0000731.jpg,241,214,341,445,23100,2
0000731.jpg,378,111,475,424,30361,1
0000730.jpg,93,156,214,446,35090,2
0000730.jpg,252,35,364,430,44240,1
0000729.jpg,63,168,167,398,23920,3
0000729.jpg,247,127,347,362,23500,2
0000729.jpg,369,22,468,350,32472,1
0000728.jpg,193,223,274,414,15471,3
0000728.jpg,344,190,428,390,16800,2
0000728.jpg,449,102,535,387,24510,1
0000727.jpg,130,141,204,320,13246,3
0000727.jpg,269,123,346,308,14245,2
0000727.jpg,361,51,453,308,23644,1
0000726.jpg,300,231,359,370,8201,3
0000726.jpg,409,201,472,353,9576,2
0000726.jpg,492,138,558,352,14124,1
0000725.jpg,287,257,337,358,5050,3
0000725.jpg,374,234,424,346,5600,2
0000725.jpg,436,182,491,341,8745,1
0000724.jpg,189,234,227,317,3154,3
0000724.jpg,257,226,296,315,3471,2
0000724.jpg,309,192,349,318,5040,1
0000723.jpg,270,265,309,352,3393,3
0000723.jpg,341,252,381,347,3800,2
0000723.jpg,394,212,440,348,6256,1
0000722.jpg,211,277,255,386,4796,3
0000722.jpg,297,262,342,380,5310,2
0000722.jpg,366,216,419,389,9169,1
0000721.jpg,152,237,211,373,8024,3
0000721.jpg,256,215,329,363,10804,2
0000721.jpg,347,147,418,361,15194,1
0000720.jpg,52,148,234,263,20930,2
0000720.jpg,290,145,536,284,34194,1
0000720.jpg,311,111,461,179,10200,3
0000719.jpg,40,128,227,242,21318,2
0000719.jpg,284,122,525,264,34222,1
0000719.jpg,303,89,454,162,11023,3
0000718.jpg,70,221,253,341,21960,2
0000718.jpg,305,221,550,368,36015,1
0000718.jpg,326,187,479,257,10710,3
0000717.jpg,37,142,230,272,25090,2
0000717.jpg,282,142,526,297,37820,1
0000717.jpg,304,95,454,184,13350,3
0000716.jpg,36,137,237,246,21909,2
0000716.jpg,256,85,503,216,32357,1
0000716.jpg,262,29,406,104,10800,3
0000715.jpg,43,170,228,264,17390,2
0000715.jpg,246,119,477,232,26103,1
0000715.jpg,247,68,383,134,8976,3
0000714.jpg,68,237,222,307,10780,2
0000714.jpg,223,216,413,294,14820,1
0000714.jpg,219,190,330,220,3330,3
0000713.jpg,36,196,187,263,10117,2
0000713.jpg,188,164,374,244,14880,1
0000713.jpg,175,138,285,175,4070,3
0000712.jpg,132,296,274,350,7668,2
0000712.jpg,250,251,415,317,10890,1
0000712.jpg,226,218,330,259,4264,3
0000711.jpg,85,301,279,389,17072,2
0000711.jpg,254,229,483,327,22442,1
0000711.jpg,229,183,366,236,7261,3
0000710.jpg,146,217,343,298,15957,2
0000710.jpg,309,141,549,231,21600,1
0000710.jpg,280,91,420,147,7840,3
0000709.jpg,60,152,283,291,30997,2
0000709.jpg,275,160,578,271,33633,1
0000709.jpg,267,119,438,166,8037,3
0000708.jpg,215,232,463,358,31248,3
0000708.jpg,212,326,635,476,63450,1
0000708.jpg,3,312,222,480,36792,2
0000707.jpg,65,258,514,454,88004,1
0000707.jpg,74,176,326,276,25200,3
0000707.jpg,3,255,77,402,10878,2
0000706.jpg,85,131,293,231,20800,2
0000706.jpg,288,160,557,350,51110,1
0000706.jpg,311,99,478,208,18203,3
0000705.jpg,106,114,332,223,24634,2
0000705.jpg,331,143,627,344,59496,1
0000705.jpg,338,81,529,192,21201,3
0000704.jpg,112,229,322,367,28980,2
0000704.jpg,264,322,482,461,30302,3
0000704.jpg,312,214,591,377,45477,1
0000703.jpg,182,318,397,446,27520,3
0000703.jpg,231,212,501,360,39960,1
0000703.jpg,28,231,241,370,29607,2
0000702.jpg,192,153,418,288,30510,3
0000702.jpg,40,69,259,209,30660,2
0000702.jpg,254,56,534,201,40600,1
0000701.jpg,190,194,403,366,36636,3
0000701.jpg,72,96,288,204,23328,2
0000701.jpg,292,91,535,296,49815,1
0000700.jpg,217,273,398,385,20272,3
0000700.jpg,241,125,474,285,37280,1
0000700.jpg,79,156,254,306,26250,2
0000699.jpg,313,253,519,361,22248,3
0000699.jpg,248,112,525,203,25207,1
0000699.jpg,155,168,296,377,29469,2
0000698.jpg,185,195,303,380,21830,2
0000698.jpg,335,242,526,355,21583,3
0000698.jpg,255,137,512,221,21588,1
0000697.jpg,427,283,540,342,6667,3
0000697.jpg,407,262,522,315,6095,2
0000697.jpg,357,251,516,300,7791,1
0000696.jpg,452,300,561,357,6213,3
0000696.jpg,430,277,553,329,6396,2
0000696.jpg,382,266,535,313,7191,1
0000695.jpg,229,279,330,342,6363,3
0000695.jpg,206,255,318,318,7056,2
0000695.jpg,157,255,303,304,7154,1
0000694.jpg,271,291,402,381,11790,3
0000694.jpg,243,257,382,337,11120,2
0000694.jpg,187,255,360,313,10034,1
0000693.jpg,165,311,332,433,20374,3
0000693.jpg,133,268,322,376,20412,2
0000693.jpg,60,239,297,338,23463,1
0000692.jpg,151,328,368,442,24738,3
0000692.jpg,148,256,376,337,18468,2
0000692.jpg,93,180,388,275,28025,1
0000691.jpg,298,297,564,406,28994,3
0000691.jpg,305,201,580,307,29150,2
0000691.jpg,255,120,604,253,46417,1
0000690.jpg,35,297,145,479,20020,3
0000690.jpg,188,143,293,478,35175,1
0000690.jpg,320,288,440,477,22680,2
0000689.jpg,172,312,281,480,18312,3
0000689.jpg,311,152,430,478,38794,1
0000689.jpg,463,296,592,479,23607,2
0000688.jpg,181,291,267,476,15910,3
0000688.jpg,278,161,373,470,29355,1
0000688.jpg,405,275,503,479,19992,2
0000687.jpg,214,48,299,268,18700,3
0000687.jpg,261,0,348,218,18966,1
0000687.jpg,407,9,505,235,22148,2
0000686.jpg,248,2,336,181,15752,3
0000686.jpg,337,3,385,135,6336,1
0000686.jpg,442,2,539,142,13580,2
0000685.jpg,403,159,495,378,20148,3
0000685.jpg,445,17,532,322,26535,1
0000685.jpg,596,112,637,340,9348,2
0000684.jpg,196,232,307,476,27084,3
0000684.jpg,383,145,480,396,24347,2
0000684.jpg,202,56,309,241,19795,1
0000683.jpg,248,197,333,393,16660,3
0000683.jpg,252,68,333,197,10449,1
0000683.jpg,395,133,472,334,15477,2
0000682.jpg,283,250,339,378,7168,3
0000682.jpg,286,160,346,255,5700,1
0000682.jpg,382,214,434,350,7072,2
0000681.jpg,405,192,454,298,5194,3
0000681.jpg,415,119,465,195,3800,1
0000681.jpg,488,171,540,291,6240,2
0000680.jpg,182,196,227,293,4365,3
0000680.jpg,261,168,310,271,5047,2
0000680.jpg,191,135,241,273,6900,1
0000679.jpg,89,305,128,397,3588,3
0000679.jpg,134,248,177,388,6020,1
0000679.jpg,192,295,233,398,4223,2
0000678.jpg,17,354,55,445,3458,3
0000678.jpg,63,298,106,439,6063,1
0000678.jpg,119,344,157,448,3952,2
0000677.jpg,219,299,257,390,3458,3
0000677.jpg,261,245,309,392,7056,1
0000677.jpg,314,296,356,402,4452,2
0000676.jpg,194,238,231,329,3367,3
0000676.jpg,239,184,281,320,5712,1
0000676.jpg,292,233,331,336,4017,2
0000675.jpg,200,145,247,259,5358,3
0000675.jpg,257,71,311,244,9342,1
0000675.jpg,321,138,372,263,6375,2
0000674.jpg,177,224,223,338,5244,3
0000674.jpg,236,149,288,323,9048,1
0000674.jpg,301,214,351,347,6650,2
0000673.jpg,337,221,392,355,7370,3
0000673.jpg,399,130,457,333,11774,1
0000673.jpg,482,209,548,362,10098,2
0000672.jpg,256,219,321,369,9750,3
0000672.jpg,317,115,390,336,16133,1
0000672.jpg,420,195,486,366,11286,2
0000671.jpg,154,159,233,347,14852,3
0000671.jpg,246,27,332,307,24080,1
0000671.jpg,361,141,452,353,19292,2
0000670.jpg,48,85,127,341,20224,1
0000670.jpg,148,162,220,351,13608,2
0000670.jpg,256,194,326,365,11970,3
0000669.jpg,186,3,271,253,21250,1
0000669.jpg,295,67,378,271,16932,2
0000669.jpg,413,107,503,292,16650,3
0000668.jpg,152,165,255,455,29870,1
0000668.jpg,297,239,383,466,19522,2
0000668.jpg,425,269,522,466,19109,3
0000667.jpg,118,94,219,385,29391,1
0000667.jpg,254,169,347,383,19902,2
0000667.jpg,375,188,472,380,18624,3
0000666.jpg,152,114,263,430,35076,1
0000666.jpg,303,184,396,424,22320,2
0000666.jpg,429,203,533,415,22048,3
0000665.jpg,327,46,439,389,38416,1
0000665.jpg,498,135,604,380,25970,2
0000664.jpg,94,72,212,386,37052,1
0000664.jpg,257,147,349,370,20516,2
0000664.jpg,402,169,492,366,17730,3
0000663.jpg,113,122,224,419,32967,1
0000663.jpg,275,196,362,411,18705,2
0000663.jpg,413,219,501,413,17072,3
0000662.jpg,48,48,142,324,25944,1
0000662.jpg,187,133,273,330,16942,2
0000662.jpg,312,173,402,347,15660,3
0000661.jpg,157,103,251,348,23030,1
0000661.jpg,281,166,360,340,13746,2
0000661.jpg,398,179,467,341,11178,3
0000660.jpg,281,159,356,406,18525,1
0000660.jpg,393,222,468,399,13275,2
0000660.jpg,495,246,563,393,9996,3
0000659.jpg,237,108,376,478,51430,1
0000659.jpg,379,209,496,474,31005,2
0000659.jpg,475,222,591,439,25172,3
0000658.jpg,114,84,226,455,41552,1
0000658.jpg,235,172,334,399,22473,2
0000658.jpg,328,180,417,365,16465,3
0000657.jpg,197,40,305,408,39744,1
0000657.jpg,337,135,441,371,24544,2
0000657.jpg,456,153,554,350,19306,3
0000656.jpg,165,45,274,408,39567,1
0000656.jpg,309,133,407,371,23324,2
0000656.jpg,429,150,521,345,17940,3
0000655.jpg,325,3,408,291,23904,1
0000655.jpg,423,71,506,261,15770,2
0000655.jpg,518,84,587,242,10902,3
0000654.jpg,253,75,335,349,22468,1
0000654.jpg,353,139,424,327,13348,2
0000654.jpg,440,151,505,301,9750,3
0000653.jpg,394,132,445,305,8823,1
0000653.jpg,459,178,507,295,5616,2
0000653.jpg,521,185,567,287,4692,3
0000652.jpg,269,138,321,308,8840,1
0000652.jpg,332,182,382,294,5600,2
0000652.jpg,393,192,434,292,4100,3
0000651.jpg,369,184,411,322,5796,1
0000651.jpg,421,221,461,316,3800,2
0000651.jpg,478,230,515,312,3034,3
0000650.jpg,324,181,370,334,7038,1
0000650.jpg,386,221,432,326,4830,2
0000650.jpg,451,229,489,320,3458,3
0000649.jpg,220,123,280,320,11820,1
0000649.jpg,311,172,363,305,6916,2
0000649.jpg,392,185,439,300,5405,3
0000648.jpg,169,150,232,341,12033,1
0000648.jpg,260,200,316,339,7784,2
0000648.jpg,349,218,400,339,6171,3
0000647.jpg,167,136,245,394,20124,1
0000647.jpg,286,217,360,402,13690,2
0000647.jpg,403,249,477,414,12210,3
0000646.jpg,124,260,226,479,22338,1
0000646.jpg,271,327,367,477,14400,2
0000646.jpg,437,359,536,478,11781,3
0000645.jpg,374,127,466,455,30176,1
0000645.jpg,508,232,612,474,25168,2
0000644.jpg,374,92,467,413,29853,1
0000644.jpg,508,196,611,447,25853,2
0000643.jpg,136,57,232,378,30816,1
0000643.jpg,265,159,358,405,22878,2
0000643.jpg,410,202,510,433,23100,3
0000642.jpg,90,115,180,404,26010,1
0000642.jpg,199,216,290,436,20020,2
0000642.jpg,328,262,422,470,19552,3
0000641.jpg,177,130,273,383,24288,1
0000641.jpg,285,207,370,392,15725,2
0000641.jpg,407,227,487,403,14080,3
0000640.jpg,255,124,319,319,12480,1
0000640.jpg,335,186,389,331,7830,2
0000640.jpg,427,208,482,343,7425,3
0000639.jpg,325,69,381,259,10640,1
0000639.jpg,401,132,459,277,8410,2
0000639.jpg,487,163,548,297,8174,3
0000638.jpg,350,62,421,250,13348,1
0000638.jpg,431,116,491,254,8280,2
0000638.jpg,517,130,578,262,8052,3
0000637.jpg,167,165,210,305,6020,1
0000637.jpg,233,205,271,305,3800,2
0000637.jpg,297,221,335,306,3230,3
0000636.jpg,485,201,527,338,5754,1
0000636.jpg,547,245,587,344,3960,2
0000636.jpg,616,260,639,347,2001,3
0000635.jpg,243,307,284,442,5535,1
0000635.jpg,307,340,343,434,3384,2
0000635.jpg,365,352,401,431,2844,3
0000634.jpg,198,221,240,349,5376,1
0000634.jpg,260,256,296,347,3276,2
0000634.jpg,317,268,353,347,2844,3
0000633.jpg,252,107,291,235,4992,1
0000633.jpg,309,141,350,230,3649,2
0000633.jpg,371,150,404,227,2541,3
0000632.jpg,199,183,244,320,6165,1
0000632.jpg,265,220,304,319,3861,2
0000632.jpg,327,230,363,315,3060,3
0000631.jpg,105,127,158,295,8904,1
0000631.jpg,184,171,232,290,5712,2
0000631.jpg,265,186,306,287,4141,3
0000630.jpg,111,117,190,360,19197,1
0000630.jpg,226,190,296,369,12530,2
0000630.jpg,344,212,407,374,10206,3
0000629.jpg,238,68,338,412,34400,1
0000629.jpg,380,191,499,447,30464,2
0000629.jpg,548,239,640,477,21896,3
0000628.jpg,127,37,250,440,49569,1
0000628.jpg,296,174,414,474,35400,2
0000628.jpg,478,207,599,474,32307,3
0000627.jpg,79,22,212,425,53599,1
0000627.jpg,256,155,374,451,34928,2
0000627.jpg,444,185,558,454,30666,3
0000626.jpg,24,126,130,384,27348,2
0000626.jpg,192,159,285,383,20832,3
0000625.jpg,130,6,260,335,42770,1
0000625.jpg,279,82,397,355,32214,2
0000625.jpg,458,102,561,349,25441,3
0000624.jpg,123,7,247,362,44020,1
0000624.jpg,274,118,380,381,27878,2
0000624.jpg,449,140,542,377,22041,3
0000623.jpg,341,54,420,305,19829,1
0000623.jpg,453,133,526,321,13724,2
0000623.jpg,574,148,637,320,10836,3
0000622.jpg,363,175,411,335,7680,1
0000622.jpg,430,220,476,344,5704,2
0000622.jpg,505,236,547,340,4368,3
0000621.jpg,481,176,535,325,8046,1
0000621.jpg,547,217,592,324,4815,2
0000621.jpg,628,231,638,327,960,3
0000620.jpg,376,188,428,346,8216,1
0000620.jpg,442,234,489,349,5405,2
0000620.jpg,515,246,560,348,4590,3
0000619.jpg,383,46,435,215,8788,1
0000619.jpg,451,97,504,223,6678,2
0000619.jpg,534,107,583,223,5684,3
0000618.jpg,395,109,456,296,11407,1
0000618.jpg,472,163,528,302,7784,2
0000618.jpg,565,172,621,302,7280,3
0000617.jpg,304,94,384,331,18960,1
0000617.jpg,406,164,477,343,12709,2
0000617.jpg,522,178,586,340,10368,3
0000616.jpg,300,82,387,333,21837,1
0000616.jpg,408,155,487,341,14694,2
0000616.jpg,532,164,604,337,12456,3
0000615.jpg,110,58,229,373,37485,1
0000615.jpg,261,142,361,370,22800,2
0000615.jpg,402,149,486,345,16464,3
0000614.jpg,195,69,293,365,29008,1
0000614.jpg,331,147,421,364,19530,2
0000614.jpg,462,155,534,344,13608,3
0000613.jpg,180,100,273,393,27249,1
0000613.jpg,308,177,394,389,18232,2
0000613.jpg,432,183,506,362,13246,3
0000612.jpg,173,100,254,355,20655,1
0000612.jpg,291,164,362,349,13135,2
0000612.jpg,394,174,458,329,9920,3
0000611.jpg,161,79,225,299,14080,1
0000611.jpg,257,137,319,292,9610,1
0000611.jpg,339,145,392,274,6837,3
0000610.jpg,180,86,239,274,11092,1
0000610.jpg,264,130,317,262,6996,2
0000610.jpg,332,135,377,248,5085,3
0000609.jpg,142,227,191,376,7301,1
0000609.jpg,209,266,253,373,4708,2
0000609.jpg,261,273,297,358,3060,3
0000608.jpg,138,176,187,333,7693,1
0000608.jpg,206,221,254,331,5280,2
0000608.jpg,269,225,307,313,3344,3
0000607.jpg,250,125,298,267,6816,1
0000607.jpg,317,161,359,264,4326,2
0000607.jpg,378,167,418,254,3480,3
0000606.jpg,309,219,355,364,6670,1
0000606.jpg,373,258,418,366,4860,2
0000606.jpg,443,269,482,361,3588,3
0000605.jpg,172,248,235,419,10773,1
0000605.jpg,249,292,305,417,7000,2
0000605.jpg,328,291,379,405,5814,3
0000604.jpg,398,145,461,341,12348,1
0000604.jpg,488,202,546,351,8642,2
0000604.jpg,580,209,636,343,7504,3
0000603.jpg,270,244,335,453,13585,1
0000603.jpg,360,312,424,462,9600,2
0000603.jpg,457,328,512,466,7590,3
0000602.jpg,244,163,320,413,19000,1
0000602.jpg,355,225,427,406,13032,2
0000602.jpg,457,234,519,388,9548,3
0000601.jpg,380,164,466,410,21156,1
0000601.jpg,491,236,574,416,14940,2
0000601.jpg,594,254,640,405,6946,3
0000600.jpg,49,215,483,415,86800,2
0000600.jpg,517,269,637,430,19320,3
0000600.jpg,1,227,52,327,5100,1
0000599.jpg,4,150,174,298,25160,2
0000599.jpg,215,173,567,318,51040,3
0000598.jpg,46,230,294,324,23312,2
0000598.jpg,325,239,544,318,17301,3
0000598.jpg,2,251,42,319,2720,1
0000597.jpg,4,199,143,274,10425,1
0000597.jpg,149,194,310,260,10626,2
0000597.jpg,326,195,462,250,7480,3
0000596.jpg,205,188,435,260,16560,1
0000596.jpg,441,186,604,251,10595,2
0000595.jpg,312,177,517,244,13735,1
0000595.jpg,534,181,638,241,6240,2
0000594.jpg,40,183,252,252,14628,1
0000594.jpg,265,181,416,240,8909,2
0000594.jpg,431,188,566,241,7155,3
0000593.jpg,3,163,153,251,13200,1
0000593.jpg,172,161,361,238,14553,2
0000593.jpg,384,169,559,234,11375,3
0000592.jpg,2,223,115,335,12656,1
0000592.jpg,131,217,400,316,26631,2
0000592.jpg,403,226,638,322,22560,3
0000591.jpg,6,255,347,383,43648,1
0000591.jpg,373,259,638,365,28090,2
0000590.jpg,16,183,554,347,88232,1
0000590.jpg,557,195,638,343,11988,2
0000589.jpg,1,175,161,321,23360,2
0000589.jpg,175,177,508,309,43956,3
0000588.jpg,96,184,470,326,53108,2
0000588.jpg,476,191,638,328,22194,3
0000588.jpg,2,180,87,336,13260,1
0000587.jpg,3,213,54,311,4998,1
0000587.jpg,66,202,342,311,30084,2
0000587.jpg,349,211,594,312,24745,3
0000586.jpg,147,246,301,298,8008,1
0000586.jpg,306,247,407,287,4040,2
0000586.jpg,411,248,502,287,3549,3
0000585.jpg,94,299,296,360,12322,1
0000585.jpg,300,302,430,351,6370,2
0000585.jpg,431,303,545,352,5586,3
0000584.jpg,47,159,284,245,20382,1
0000584.jpg,286,151,447,214,10143,2
0000584.jpg,448,149,589,207,8178,3
0000583.jpg,95,214,338,285,17253,1
0000583.jpg,344,216,506,281,10530,2
0000583.jpg,509,220,638,281,7869,3
0000582.jpg,122,245,384,330,22270,1
0000582.jpg,391,259,572,333,13394,2
0000582.jpg,575,265,638,331,4158,3
0000581.jpg,269,243,515,320,18942,1
0000581.jpg,516,256,639,323,8241,2
0000580.jpg,77,118,265,177,11092,1
0000580.jpg,281,114,406,162,6000,2
0000580.jpg,411,116,521,159,4730,3
0000579.jpg,30,241,206,292,8976,1
0000579.jpg,221,240,342,288,5808,2
0000579.jpg,343,243,450,284,4387,3
0000578.jpg,65,363,287,429,14652,1
0000578.jpg,310,362,459,425,9387,2
0000578.jpg,467,368,608,427,8319,3
0000577.jpg,53,67,272,139,15768,1
0000577.jpg,297,57,446,122,9685,2
0000577.jpg,452,56,586,112,7504,3
0000576.jpg,36,78,263,150,16344,1
0000576.jpg,285,72,433,136,9472,2
0000576.jpg,442,72,578,130,7888,3
0000575.jpg,5,221,218,314,19809,1
0000575.jpg,242,211,406,284,11972,2
0000575.jpg,416,206,566,271,9750,3
0000574.jpg,55,165,349,253,25872,1
0000574.jpg,353,172,550,256,16548,2
0000574.jpg,552,187,638,257,6020,3
0000573.jpg,33,260,265,328,15776,1
0000573.jpg,262,268,405,330,8866,2
0000573.jpg,406,279,538,340,8052,3
0000572.jpg,5,409,193,473,12032,1
0000572.jpg,197,426,328,471,5895,2
0000572.jpg,332,431,455,477,5658,3
0000571.jpg,3,136,273,275,37530,1
0000571.jpg,276,157,562,276,34034,2
0000571.jpg,566,178,638,278,7200,3
0000570.jpg,55,294,491,469,76300,1
0000570.jpg,495,356,638,475,17017,2
0000569.jpg,1,147,60,287,8260,1
0000569.jpg,46,175,354,305,40040,2
0000569.jpg,366,194,636,322,34560,3
0000568.jpg,17,252,300,367,32545,2
0000568.jpg,309,263,556,369,26182,3
0000567.jpg,4,192,115,291,10989,1
0000567.jpg,116,192,360,286,22936,2
0000567.jpg,354,206,569,284,16770,3
0000566.jpg,13,220,279,303,22078,1
0000566.jpg,275,215,452,289,13098,2
0000566.jpg,454,224,615,289,10465,3
0000565.jpg,42,240,351,339,30591,1
0000565.jpg,354,264,561,343,16353,2
0000565.jpg,565,278,639,353,5550,3
0000564.jpg,3,227,265,314,22794,1
0000564.jpg,276,234,456,315,14580,2
0000564.jpg,453,245,622,316,11999,3
0000563.jpg,117,301,309,366,12480,1
0000563.jpg,310,303,445,360,7695,2
0000563.jpg,437,311,549,355,4928,3
0000562.jpg,157,174,339,234,10920,1
0000562.jpg,340,174,465,231,7125,2
0000562.jpg,466,189,573,231,4494,3
0000561.jpg,9,258,273,347,23496,1
0000561.jpg,289,258,460,339,13851,2
0000561.jpg,460,270,623,336,10758,3
0000560.jpg,164,198,416,291,23436,1
0000560.jpg,432,202,617,276,13690,2
0000559.jpg,35,269,290,364,24225,1
0000559.jpg,308,265,480,344,13588,2
0000559.jpg,542,266,639,328,6014,3
0000558.jpg,23,301,326,424,37269,1
0000558.jpg,416,193,501,397,17340,2
0000558.jpg,539,204,616,380,13552,3
0000557.jpg,170,309,472,416,32314,1
0000557.jpg,562,207,637,419,15900,2
0000556.jpg,247,288,562,396,34020,1
0000555.jpg,28,106,187,477,58989,1
0000555.jpg,314,203,406,450,22724,2
0000555.jpg,449,214,534,418,17340,3
0000554.jpg,71,32,231,451,67040,1
0000554.jpg,362,151,470,416,28620,2
0000554.jpg,504,172,600,386,20544,3
0000553.jpg,136,93,252,444,40716,1
0000553.jpg,366,205,477,435,25530,2
0000553.jpg,496,229,594,423,19012,3
0000551.jpg,114,86,213,330,24156,1
0000551.jpg,295,144,360,313,10985,2
0000551.jpg,390,156,451,301,8845,3
0000550.jpg,101,69,193,303,21528,1
0000550.jpg,277,137,343,295,10428,2
0000550.jpg,362,148,428,286,9108,3
0000549.jpg,216,231,276,377,8760,1
0000549.jpg,330,268,371,374,4346,2
0000549.jpg,384,276,425,368,3772,3
0000548.jpg,178,267,230,420,7956,1
0000548.jpg,287,308,330,418,4730,2
0000548.jpg,341,320,382,409,3649,3
0000547.jpg,309,222,366,364,8094,1
0000547.jpg,418,262,463,362,4500,2
0000547.jpg,472,269,513,359,3690,3
0000546.jpg,271,241,323,386,7540,1
0000546.jpg,376,289,421,387,4410,2
0000546.jpg,432,296,477,384,3960,3
0000545.jpg,198,80,255,227,8379,1
0000545.jpg,303,121,348,223,4590,2
0000545.jpg,358,132,399,221,3649,3
0000544.jpg,113,102,168,249,8085,1
0000544.jpg,216,145,260,248,4532,2
0000544.jpg,271,153,313,243,3780,3
0000543.jpg,70,203,129,360,9263,1
0000543.jpg,180,250,230,356,5300,2
0000543.jpg,242,258,288,352,4324,3
0000542.jpg,133,124,226,388,24552,1
0000542.jpg,317,205,398,385,14580,2
0000542.jpg,412,224,495,380,12948,3
0000541.jpg,454,112,535,392,22680,1
0000540.jpg,103,67,257,389,49588,1
0000540.jpg,314,157,447,433,36708,2
0000540.jpg,451,191,578,462,34417,3
0000539.jpg,145,32,303,346,49612,1
0000539.jpg,360,104,502,363,36778,2
0000539.jpg,497,123,629,383,34320,3
0000538.jpg,122,115,253,384,35239,1
0000538.jpg,317,176,429,392,24192,2
0000538.jpg,436,189,538,400,21522,3
0000537.jpg,167,96,291,367,33604,1
0000537.jpg,378,167,473,376,19855,2
0000537.jpg,495,187,585,386,17910,3
0000536.jpg,256,100,341,327,19295,1
0000536.jpg,422,179,494,350,12312,2
0000536.jpg,515,205,586,366,11431,3
0000535.jpg,252,114,321,268,10626,1
0000535.jpg,373,158,425,273,5980,2
0000535.jpg,439,169,486,275,4982,3
0000534.jpg,286,150,345,307,9263,1
0000534.jpg,406,199,450,316,5148,2
0000534.jpg,469,213,510,318,4305,3
0000533.jpg,145,103,221,274,12996,1
0000533.jpg,267,147,330,277,8190,2
0000533.jpg,341,156,397,279,6888,3
0000532.jpg,187,226,254,413,12529,1
0000532.jpg,313,288,366,424,7208,2
0000532.jpg,383,306,436,434,6784,3
0000531.jpg,117,169,206,396,20203,1
0000531.jpg,284,240,351,407,11189,2
0000531.jpg,374,258,438,415,10048,3
0000530.jpg,138,130,230,360,21160,1
0000530.jpg,303,193,378,367,13050,2
0000530.jpg,398,212,463,374,10530,3
0000529.jpg,165,13,317,408,60040,1
0000529.jpg,474,131,597,426,36285,2
0000528.jpg,333,38,489,467,66924,1
0000527.jpg,90,62,213,384,39606,1
0000527.jpg,343,166,436,396,21390,2
0000527.jpg,465,196,556,403,18837,3
0000526.jpg,166,4,334,363,60312,1
0000526.jpg,494,81,618,388,38068,2
0000525.jpg,145,27,298,425,60894,2
0000525.jpg,368,73,506,429,49128,3
0000524.jpg,114,50,263,430,56620,2
0000524.jpg,328,97,466,428,45678,3
0000523.jpg,88,134,191,387,26059,2
0000523.jpg,230,170,320,388,19620,3
0000522.jpg,100,36,208,384,37584,1
0000522.jpg,355,147,451,401,24384,2
0000522.jpg,494,187,585,409,20202,3
0000521.jpg,121,75,224,407,34196,1
0000521.jpg,355,178,451,412,22464,2
0000521.jpg,486,209,579,415,19158,3
0000520.jpg,88,78,180,398,29440,1
0000520.jpg,307,189,396,415,20114,2
0000520.jpg,429,224,511,421,16154,3
0000519.jpg,7,4,116,372,40112,1
0000519.jpg,240,124,351,416,32412,2
0000519.jpg,386,164,504,443,32922,3
0000518.jpg,112,11,211,334,31977,1
0000518.jpg,312,116,417,373,26985,2
0000518.jpg,450,146,551,394,25048,3
0000517.jpg,162,47,246,309,22008,1
0000517.jpg,327,137,411,339,16968,2
0000517.jpg,431,164,514,354,15770,3
0000516.jpg,104,45,179,291,18450,1
0000516.jpg,267,120,341,305,13690,2
0000516.jpg,369,140,441,313,12456,3
0000515.jpg,124,82,197,323,17593,1
0000515.jpg,291,163,364,337,12702,2
0000515.jpg,391,183,456,345,10530,3
0000514.jpg,95,86,176,350,21384,1
0000514.jpg,280,181,357,363,14014,2
0000514.jpg,382,212,454,374,11664,3
0000513.jpg,98,62,228,469,52910,1
0000513.jpg,347,178,448,436,26058,2
0000513.jpg,465,206,556,422,19656,3
0000512.jpg,116,22,244,408,49408,1
0000512.jpg,340,130,431,374,22204,2
0000512.jpg,441,160,521,358,15840,3
0000511.jpg,175,53,292,394,39897,1
0000511.jpg,373,144,456,356,17596,2
0000511.jpg,463,165,536,344,13067,3
0000510.jpg,268,189,353,452,22355,1
0000510.jpg,421,262,490,437,12075,2
0000510.jpg,500,276,558,425,8642,3
0000509.jpg,319,125,383,302,11328,1
0000509.jpg,421,177,471,293,5800,2
0000509.jpg,471,191,518,288,4559,3
0000508.jpg,309,116,367,277,9338,1
0000508.jpg,405,162,454,272,5390,2
0000508.jpg,458,176,500,268,3864,3
0000507.jpg,255,216,315,373,9420,1
0000507.jpg,363,258,412,370,5488,2
0000507.jpg,420,270,462,370,4200,3
0000506.jpg,268,176,323,333,8635,1
0000506.jpg,382,224,427,337,5085,2
0000506.jpg,441,240,483,339,4158,3
0000505.jpg,248,199,294,352,7038,1
0000505.jpg,355,247,397,355,4536,2
0000505.jpg,411,261,452,361,4100,3
0000504.jpg,221,166,269,319,7344,1
0000504.jpg,329,214,371,325,4662,2
0000504.jpg,387,226,427,323,3880,3
0000503.jpg,226,192,284,372,10440,1
0000503.jpg,350,253,402,377,6448,2
0000503.jpg,422,269,471,380,5439,3
0000502.jpg,219,183,296,401,16786,1
0000502.jpg,375,252,444,404,10488,2
0000502.jpg,463,268,524,406,8418,3
0000501.jpg,464,3,556,240,21804,1
0000500.jpg,415,141,455,232,3640,2
0000500.jpg,468,145,505,226,2997,3
0000500.jpg,499,96,542,220,5332,1
0000499.jpg,138,176,176,270,3572,2
0000499.jpg,193,181,228,265,2940,3
0000499.jpg,225,133,265,263,5200,1
0000498.jpg,378,289,430,402,5876,2
0000498.jpg,441,300,488,405,4935,3
0000498.jpg,485,240,536,398,8058,1
0000497.jpg,301,247,352,383,6936,2
0000497.jpg,374,258,421,378,5640,3
0000497.jpg,419,183,478,367,10856,1
0000496.jpg,279,261,377,478,21266,2
0000496.jpg,401,266,487,464,17028,3
0000496.jpg,477,141,570,434,27249,1
0000495.jpg,350,314,403,404,4770,3
0000495.jpg,387,232,445,415,10614,1
0000495.jpg,473,147,528,280,7315,2
0000494.jpg,242,269,307,415,9490,3
0000494.jpg,296,181,375,400,17301,1
0000494.jpg,418,96,493,250,11550,2
0000493.jpg,226,254,297,416,11502,3
0000493.jpg,291,159,373,401,19844,1
0000493.jpg,428,57,506,227,13260,2
0000492.jpg,178,207,248,423,15120,1
0000492.jpg,304,107,366,265,9796,2
0000492.jpg,424,130,487,261,8253,3
0000491.jpg,310,221,390,450,18320,1
0000491.jpg,445,122,523,289,13026,2
0000491.jpg,578,150,638,291,8460,3
0000490.jpg,156,201,196,329,5120,1
0000490.jpg,230,148,266,238,3240,2
0000490.jpg,299,158,333,239,2754,3
0000489.jpg,226,213,267,339,5166,1
0000489.jpg,304,164,339,253,3115,2
0000489.jpg,368,176,406,258,3116,3
0000488.jpg,361,125,406,265,6300,1
0000488.jpg,447,61,489,165,4368,2
0000488.jpg,522,72,566,167,4180,3
0000487.jpg,365,156,410,298,6390,1
0000487.jpg,450,96,490,196,4000,2
0000487.jpg,525,107,569,201,4136,3
0000486.jpg,283,178,345,389,13082,1
0000486.jpg,410,88,471,242,9394,2
0000486.jpg,524,111,587,250,8757,3
0000485.jpg,234,287,301,478,12797,1
0000485.jpg,368,193,428,351,9480,2
0000485.jpg,483,221,545,362,8742,3
0000484.jpg,228,40,286,169,7482,2
0000484.jpg,320,49,372,165,6032,3
0000484.jpg,135,120,198,301,11403,1
0000483.jpg,94,181,159,369,12220,1
0000483.jpg,196,103,252,235,7392,2
0000483.jpg,293,119,345,239,6240,3
0000482.jpg,230,305,298,477,11696,1
0000482.jpg,347,211,412,369,10270,2
0000482.jpg,463,233,523,374,8460,3
0000481.jpg,250,324,314,480,9984,1
0000481.jpg,366,234,425,384,8850,2
0000481.jpg,477,251,535,388,7946,3
0000480.jpg,498,133,557,322,11151,1
0000480.jpg,597,57,640,189,5676,2
0000479.jpg,477,154,535,341,10846,1
0000479.jpg,573,80,626,210,6890,2
0000478.jpg,128,162,191,350,11844,1
0000478.jpg,211,85,263,211,6552,2
0000478.jpg,303,97,349,207,5060,3
0000477.jpg,2,49,18,178,2064,2
0000477.jpg,64,64,108,172,4752,3
0000476.jpg,28,139,78,254,5750,3
0000475.jpg,44,208,113,358,10350,3
0000474.jpg,61,212,134,386,12702,2
0000474.jpg,197,235,262,387,9880,3
0000473.jpg,92,209,161,390,12489,2
0000473.jpg,228,233,292,386,9792,3
0000472.jpg,152,258,240,475,19096,2
0000472.jpg,308,293,400,479,17112,3
0000471.jpg,164,166,254,386,19800,2
0000471.jpg,324,200,414,397,17730,3
0000471.jpg,1,293,74,478,13505,1
0000470.jpg,2,285,49,477,9024,1
0000470.jpg,120,189,200,370,14480,2
0000470.jpg,236,215,308,376,11592,3
0000469.jpg,41,87,130,290,18067,2
0000469.jpg,168,122,247,296,13746,3
0000468.jpg,84,52,204,410,42960,1
0000468.jpg,260,0,355,152,14440,2
0000468.jpg,401,1,492,153,13832,3
0000467.jpg,195,68,312,444,43992,1
0000467.jpg,372,1,476,170,17576,2
0000467.jpg,518,1,612,166,15510,3
0000466.jpg,212,185,301,468,25187,1
0000466.jpg,342,68,419,254,14322,2
0000466.jpg,448,87,518,250,11410,3
0000465.jpg,185,148,288,449,31003,1
0000465.jpg,329,18,413,224,17304,2
0000465.jpg,446,40,517,216,12496,3
0000464.jpg,307,202,408,451,25149,2
0000464.jpg,450,229,539,444,19135,3
0000464.jpg,535,113,634,434,31779,1
0000463.jpg,230,189,318,402,18744,2
0000463.jpg,355,220,433,398,13884,3
0000463.jpg,434,117,515,388,21951,1
0000462.jpg,304,166,382,340,13572,2
0000462.jpg,404,192,476,346,11088,3
0000462.jpg,471,109,543,343,16848,1
0000461.jpg,308,249,367,379,7670,2
0000461.jpg,380,271,427,378,5029,3
0000461.jpg,420,207,474,372,8910,1
0000460.jpg,217,126,260,222,4128,2
0000460.jpg,270,137,311,219,3362,3
0000460.jpg,299,87,340,214,5207,1
0000459.jpg,258,106,298,205,3960,2
0000459.jpg,311,120,347,202,2952,3
0000459.jpg,339,71,380,195,5084,1
0000458.jpg,313,144,355,237,3906,2
0000458.jpg,369,158,407,233,2850,3
0000458.jpg,399,107,437,225,4484,1
0000457.jpg,125,175,163,270,3610,2
0000457.jpg,180,186,222,268,3444,3
0000457.jpg,217,133,257,262,5160,1
0000456.jpg,248,156,287,245,3471,2
0000456.jpg,304,168,339,244,2660,3
0000456.jpg,338,125,379,244,4879,1
0000455.jpg,278,184,316,272,3344,2
0000455.jpg,333,195,370,276,2997,3
0000455.jpg,376,150,414,276,4788,1
0000454.jpg,142,150,184,245,3990,2
0000454.jpg,203,163,239,252,3204,3
0000454.jpg,251,117,295,250,5852,1
0000453.jpg,199,119,243,224,4620,2
0000453.jpg,266,136,306,229,3720,3
0000453.jpg,317,86,364,232,6862,1
0000452.jpg,248,110,297,225,5635,2
0000452.jpg,323,124,365,228,4368,3
0000452.jpg,382,67,433,225,8058,1
0000451.jpg,256,74,306,197,6150,2
0000451.jpg,329,94,376,202,5076,3
0000451.jpg,390,31,445,206,9625,1
0000450.jpg,197,166,258,313,8967,2
0000450.jpg,283,184,345,313,7998,3
0000450.jpg,356,103,425,316,14697,1
0000449.jpg,105,203,192,424,19227,2
0000449.jpg,240,233,318,432,15522,3
0000449.jpg,343,126,440,436,30070,1
0000448.jpg,160,193,248,410,19096,2
0000448.jpg,277,222,353,418,14896,3
0000448.jpg,402,108,501,421,30987,1
0000447.jpg,177,125,258,336,17091,2
0000447.jpg,287,152,363,342,14440,3
0000447.jpg,409,40,497,347,27016,1
0000446.jpg,261,166,351,366,18000,2
0000446.jpg,366,200,446,379,14320,3
0000446.jpg,483,101,587,393,30368,1
0000445.jpg,216,151,306,362,18990,2
0000445.jpg,336,182,414,374,14976,3
0000445.jpg,462,67,560,381,30772,1
0000444.jpg,204,181,288,376,16380,2
0000444.jpg,315,209,390,389,13500,3
0000444.jpg,435,105,523,396,25608,1
0000443.jpg,124,166,195,333,11857,2
0000443.jpg,220,187,285,342,10075,3
0000443.jpg,322,99,399,345,18942,1
0000442.jpg,89,85,147,219,7772,2
0000442.jpg,161,106,215,224,6372,3
0000442.jpg,243,38,304,235,12017,1
0000441.jpg,236,123,291,249,6930,2
0000441.jpg,307,141,357,256,5750,3
0000441.jpg,387,72,444,265,11001,1
0000440.jpg,370,121,427,245,7068,2
0000440.jpg,442,133,495,250,6201,3
0000440.jpg,520,54,584,250,12544,1
0000439.jpg,357,170,406,277,5243,2
0000439.jpg,417,189,462,292,4635,3
0000439.jpg,487,133,538,302,8619,1
0000438.jpg,146,78,186,175,3880,2
0000438.jpg,200,94,236,182,3168,3
0000438.jpg,257,45,299,187,5964,1
0000437.jpg,127,123,166,217,3666,2
0000437.jpg,180,135,219,222,3393,3
0000437.jpg,237,84,282,221,6165,1
0000436.jpg,2,100,43,194,3854,2
0000436.jpg,56,118,93,204,3182,3
0000436.jpg,112,71,161,207,6664,1
0000435.jpg,314,202,353,292,3510,2
0000435.jpg,365,216,402,295,2923,3
0000435.jpg,422,172,462,295,4920,1
0000434.jpg,190,218,228,308,3420,2
0000434.jpg,241,231,274,312,2673,3
0000434.jpg,295,189,332,317,4736,1
0000433.jpg,409,264,447,351,3306,2
0000433.jpg,458,278,488,356,2340,3
0000433.jpg,507,238,546,355,4563,1
0000432.jpg,340,203,377,284,2997,2
0000432.jpg,388,217,421,292,2475,3
0000432.jpg,436,175,474,293,4484,1
0000431.jpg,298,261,339,361,4100,2
0000431.jpg,350,273,394,364,4004,3
0000431.jpg,412,220,453,364,5904,1
0000430.jpg,184,115,227,210,4085,2
0000430.jpg,239,128,278,217,3471,3
0000430.jpg,295,79,341,220,6486,1
0000429.jpg,124,143,178,259,6264,2
0000429.jpg,198,157,241,266,4687,3
0000429.jpg,266,98,318,267,8788,1
0000428.jpg,359,93,413,216,6642,2
0000428.jpg,420,101,471,213,5712,3
0000428.jpg,470,33,524,202,9126,1
0000427.jpg,287,196,346,326,7670,2
0000427.jpg,352,205,407,323,6490,3
0000427.jpg,402,131,460,311,10440,1
0000426.jpg,117,175,190,337,11826,2
0000426.jpg,198,187,264,325,9108,3
0000426.jpg,265,104,328,313,13167,1
0000425.jpg,238,158,300,320,10044,2
0000425.jpg,315,173,370,312,7645,3
0000425.jpg,373,95,434,308,12993,1
0000424.jpg,152,164,221,341,12213,2
0000424.jpg,241,182,305,336,9856,3
0000424.jpg,314,96,378,327,14784,1
0000423.jpg,168,197,283,472,31625,2
0000423.jpg,309,217,412,453,24308,3
0000423.jpg,422,81,529,420,36273,1
0000422.jpg,169,178,271,445,27234,2
0000422.jpg,309,206,397,432,19888,3
0000422.jpg,414,84,517,414,33990,1
0000421.jpg,257,200,353,422,21312,2
0000421.jpg,367,217,454,404,16269,3
0000421.jpg,458,103,548,382,25110,1
0000420.jpg,138,158,237,391,23067,2
0000420.jpg,255,175,344,370,17355,3
0000420.jpg,348,61,430,353,23944,1
0000419.jpg,174,151,259,354,17255,2
0000419.jpg,274,171,345,342,12141,3
0000419.jpg,344,73,419,327,19050,1
0000418.jpg,94,178,180,356,15308,2
0000418.jpg,188,185,254,336,9966,3
0000418.jpg,244,97,317,316,15987,1
0000417.jpg,112,159,193,333,14094,2
0000417.jpg,203,172,273,319,10290,3
0000417.jpg,261,80,335,299,16206,1
0000416.jpg,92,101,154,233,8184,2
0000416.jpg,165,113,220,228,6325,3
0000416.jpg,219,45,271,221,9152,1
0000415.jpg,318,145,370,273,6656,2
0000415.jpg,382,159,428,267,4968,3
0000415.jpg,433,94,483,268,8700,1
0000414.jpg,207,158,261,288,7020,2
0000414.jpg,274,169,320,291,5612,3
0000414.jpg,326,106,386,278,10320,1
0000413.jpg,343,99,406,253,9702,2
0000413.jpg,421,115,478,247,7524,3
0000413.jpg,486,36,547,236,12200,1
0000412.jpg,319,165,389,330,11550,2
0000412.jpg,407,178,467,322,8640,3
0000412.jpg,474,94,545,313,15549,1
0000411.jpg,184,195,266,403,17056,2
0000411.jpg,298,217,371,395,12994,3
0000411.jpg,392,113,479,391,24186,1
0000410.jpg,177,215,256,406,15089,2
0000410.jpg,287,242,360,416,12702,3
0000410.jpg,388,141,478,424,25470,1
0000409.jpg,275,167,341,329,10692,2
0000409.jpg,366,184,429,331,9261,3
0000409.jpg,451,99,522,328,16259,1
0000408.jpg,305,255,358,375,6360,2
0000408.jpg,376,269,425,380,5439,3
0000408.jpg,442,209,503,392,11163,1
0000407.jpg,235,194,289,310,6264,2
0000407.jpg,304,202,352,309,5136,3
0000407.jpg,366,136,418,301,8580,1
0000406.jpg,334,219,380,338,5474,2
0000406.jpg,401,229,445,339,4840,3
0000406.jpg,464,171,512,338,8016,1
0000405.jpg,325,208,377,329,6292,2
0000405.jpg,394,221,435,318,3977,3
0000405.jpg,452,152,500,320,8064,1
0000404.jpg,240,238,292,357,6188,2
0000404.jpg,309,247,357,354,5136,3
0000404.jpg,365,181,416,349,8568,1
0000403.jpg,302,198,352,326,6400,2
0000403.jpg,374,210,422,325,5520,3
0000403.jpg,434,143,493,322,10561,1
0000402.jpg,288,226,350,378,9424,2
0000402.jpg,376,245,431,383,7590,3
0000402.jpg,452,165,517,381,14040,1
0000401.jpg,473,173,547,348,12950,2
0000401.jpg,581,199,638,359,9120,3
0000400.jpg,332,85,387,226,7755,1
0000400.jpg,393,132,441,233,4848,2
0000399.jpg,282,116,325,203,3741,3
0000399.jpg,342,69,389,206,6439,1
0000399.jpg,400,110,440,206,3840,2
0000398.jpg,12,256,61,344,4312,3
0000398.jpg,71,213,128,349,7752,1
0000398.jpg,128,257,176,353,4608,2
0000397.jpg,305,162,352,254,4324,3
0000397.jpg,369,111,423,258,7938,1
0000397.jpg,434,157,476,259,4284,2
0000396.jpg,132,160,198,295,8910,3
0000396.jpg,225,85,295,299,14980,1
0000396.jpg,314,145,377,300,9765,2
0000395.jpg,157,178,236,343,13035,3
0000395.jpg,261,94,351,351,23130,1
0000395.jpg,368,178,448,358,14400,2
0000394.jpg,21,185,96,351,12450,3
0000394.jpg,126,104,219,361,23901,1
0000394.jpg,232,186,312,364,14240,2
0000393.jpg,546,159,634,360,17688,3
0000392.jpg,235,115,342,369,27178,1
0000391.jpg,271,129,377,382,26818,1
0000390.jpg,296,110,383,404,25578,1
0000390.jpg,410,211,502,434,20516,2
0000390.jpg,545,252,636,460,18928,3
0000389.jpg,442,64,545,373,31827,1
0000389.jpg,571,162,637,400,15708,2
0000388.jpg,234,76,348,377,34314,1
0000388.jpg,358,169,453,396,21565,2
0000388.jpg,483,210,582,421,20889,3
0000387.jpg,385,3,458,217,15622,1
0000387.jpg,466,58,536,222,11480,2
0000387.jpg,565,74,630,223,9685,3
0000386.jpg,266,87,334,273,12648,1
0000386.jpg,341,137,401,274,8220,2
0000386.jpg,415,150,477,274,7688,3
0000385.jpg,140,70,202,230,9920,1
0000385.jpg,209,111,259,225,5700,2
0000385.jpg,279,126,322,226,4300,3
0000384.jpg,131,104,201,283,12530,1
0000384.jpg,206,154,265,283,7611,2
0000384.jpg,289,166,344,280,6270,3
0000383.jpg,358,123,428,339,15120,1
0000383.jpg,447,190,507,346,9360,2
0000383.jpg,543,215,602,360,8555,3
0000382.jpg,286,197,356,409,14840,1
0000382.jpg,369,266,432,394,8064,2
0000382.jpg,446,268,500,392,6696,3
0000381.jpg,282,209,353,401,13632,1
0000381.jpg,366,251,423,387,7752,2
0000381.jpg,436,252,488,368,6032,3
0000380.jpg,273,246,343,476,16100,1
0000380.jpg,369,303,431,471,10416,2
0000380.jpg,452,312,506,455,7722,3
0000379.jpg,203,129,296,419,26970,1
0000379.jpg,323,204,397,400,14504,2
0000379.jpg,424,213,486,380,10354,3
0000378.jpg,148,149,250,442,29886,1
0000378.jpg,275,212,354,414,15958,2
0000378.jpg,379,218,443,390,11008,3
0000377.jpg,162,33,247,332,25415,1
0000377.jpg,252,104,328,305,15276,2
0000377.jpg,322,99,372,264,8250,3
0000376.jpg,96,32,191,335,28785,1
0000376.jpg,190,105,270,311,16480,2
0000376.jpg,258,106,313,271,9075,3
0000375.jpg,323,74,423,369,29500,1
0000375.jpg,418,148,497,350,15958,2
0000375.jpg,491,149,541,314,8250,3
0000374.jpg,358,129,445,426,25839,1
0000374.jpg,445,194,522,401,15939,2
0000374.jpg,513,187,571,359,9976,3
0000373.jpg,237,36,352,345,35535,1
0000373.jpg,336,117,435,328,20889,2
0000373.jpg,414,118,488,288,12580,3
0000372.jpg,263,60,370,380,34240,1
0000372.jpg,368,127,457,347,19580,2
0000372.jpg,443,114,515,300,13392,3
0000371.jpg,70,30,221,435,61155,1
0000371.jpg,231,130,352,414,34364,2
0000371.jpg,360,131,455,361,21850,3
0000370.jpg,128,68,273,477,59305,1
0000370.jpg,294,171,412,464,34574,2
0000370.jpg,425,175,532,417,25894,3
0000369.jpg,109,181,238,476,38055,1
0000369.jpg,283,291,404,476,22385,2
0000369.jpg,391,291,474,479,15604,3
0000368.jpg,83,141,246,478,54931,1
0000368.jpg,282,276,423,479,28623,2
0000368.jpg,430,283,548,476,22774,3
0000367.jpg,123,18,252,412,50826,1
0000367.jpg,286,152,405,444,34748,2
0000367.jpg,404,165,514,415,27500,3
0000365.jpg,90,153,197,478,34775,1
0000365.jpg,120,278,226,478,21200,2
0000365.jpg,245,306,340,478,16340,3
0000364.jpg,144,116,251,473,38199,1
0000364.jpg,174,240,278,478,24752,2
0000364.jpg,297,266,394,477,20467,3
0000363.jpg,266,18,346,278,20800,1
0000363.jpg,305,100,384,300,15800,2
0000363.jpg,391,119,458,292,11591,3
0000362.jpg,327,4,409,235,18942,1
0000362.jpg,367,50,446,250,15800,2
0000362.jpg,453,68,522,238,11730,3
0000361.jpg,136,1,257,271,32670,1
0000361.jpg,229,4,363,286,37788,2
0000361.jpg,347,4,441,252,23312,3
0000360.jpg,105,1,226,257,30976,1
0000360.jpg,203,1,343,279,38920,2
0000360.jpg,325,3,420,245,22990,3
0000359.jpg,164,1,283,443,52598,1
0000359.jpg,259,111,386,439,41656,2
0000359.jpg,370,137,459,422,25365,3
0000358.jpg,232,3,355,386,47109,1
0000358.jpg,323,115,437,414,34086,2
0000358.jpg,434,138,524,387,22410,3
0000357.jpg,191,140,277,407,22962,1
0000357.jpg,253,221,341,420,17512,2
0000357.jpg,328,223,389,394,10431,3
0000356.jpg,211,160,291,428,21440,1
0000356.jpg,275,243,359,442,16716,2
0000356.jpg,346,246,410,414,10752,3
0000355.jpg,210,178,293,439,21663,1
0000355.jpg,272,258,357,452,16490,2
0000355.jpg,339,260,407,424,11152,3
0000354.jpg,256,191,330,423,17168,1
0000354.jpg,368,266,430,411,8990,3
0000354.jpg,454,241,523,408,11523,2
0000353.jpg,305,170,382,404,18018,1
0000353.jpg,419,237,495,390,11628,3
0000353.jpg,509,211,583,385,12876,2
0000351.jpg,17,254,131,478,25536,3
0000351.jpg,137,214,257,480,31920,2
0000350.jpg,33,233,152,477,29036,3
0000350.jpg,151,194,269,471,32686,2
0000349.jpg,481,97,624,478,54483,1
0000348.jpg,490,47,635,478,62495,1
0000347.jpg,74,39,208,476,58558,1
0000347.jpg,260,199,361,453,25654,3
0000347.jpg,359,164,464,429,27825,2
0000346.jpg,88,26,224,476,61200,1
0000346.jpg,269,184,371,437,25806,3
0000346.jpg,366,152,472,410,27348,2
0000345.jpg,89,7,221,463,60192,1
0000345.jpg,269,171,371,422,25602,3
0000345.jpg,366,137,472,397,27560,2
0000344.jpg,164,100,278,475,42750,1
0000344.jpg,322,238,412,456,19620,3
0000344.jpg,419,210,514,441,21945,2
0000343.jpg,194,76,303,445,40221,1
0000343.jpg,352,209,437,424,18275,3
0000343.jpg,443,182,537,409,21338,2
0000342.jpg,118,34,215,366,32204,1
0000342.jpg,260,157,338,349,14976,3
0000342.jpg,350,130,434,338,17472,2
0000341.jpg,124,51,223,382,32769,1
0000341.jpg,268,171,347,364,15247,3
0000341.jpg,359,147,441,350,16646,2
0000340.jpg,285,97,372,404,26709,1
0000340.jpg,411,200,482,383,12993,3
0000340.jpg,488,173,566,369,15288,2
0000339.jpg,270,48,358,357,27192,1
0000339.jpg,399,157,471,339,13104,3
0000339.jpg,480,125,558,322,15366,2
0000338.jpg,92,100,189,386,27742,1
0000338.jpg,217,191,298,360,13689,3
0000338.jpg,298,159,374,342,13908,2
0000337.jpg,232,142,302,397,17850,1
0000337.jpg,341,228,398,379,8607,3
0000337.jpg,408,203,471,368,10395,2
0000336.jpg,226,139,299,391,18396,1
0000336.jpg,330,223,395,375,9880,3
0000336.jpg,400,198,465,360,10530,2
0000335.jpg,171,150,243,373,16056,1
0000335.jpg,267,218,325,352,7772,3
0000335.jpg,329,193,386,340,8379,2
0000334.jpg,304,180,366,382,12524,1
0000334.jpg,388,243,442,369,6804,3
0000334.jpg,442,220,498,355,7560,2
0000333.jpg,169,149,231,338,11718,1
0000333.jpg,248,214,298,332,5900,3
0000333.jpg,302,198,356,324,6804,2
0000332.jpg,161,158,221,344,11160,1
0000332.jpg,240,224,290,337,5650,3
0000332.jpg,295,209,346,330,6171,2
0000331.jpg,80,121,131,289,8568,1
0000331.jpg,153,180,196,281,4343,3
0000331.jpg,202,163,249,275,5264,2
0000330.jpg,208,194,257,356,7938,1
0000330.jpg,277,247,314,345,3626,3
0000330.jpg,323,230,363,338,4320,2
0000329.jpg,297,182,342,336,6930,1
0000329.jpg,361,229,403,327,4116,3
0000329.jpg,406,212,447,318,4346,2
0000328.jpg,436,141,480,288,6468,1
0000328.jpg,499,188,538,279,3549,3
0000328.jpg,543,174,588,275,4545,2
0000327.jpg,346,259,387,404,5945,1
0000327.jpg,407,308,445,398,3420,3
0000327.jpg,452,293,491,390,3783,2
0000326.jpg,323,198,366,348,6450,1
0000326.jpg,387,244,421,341,3298,3
0000326.jpg,432,232,469,333,3737,2
0000325.jpg,309,132,353,271,6116,1
0000325.jpg,374,180,412,270,3420,3
0000325.jpg,420,167,459,265,3822,2
0000324.jpg,418,54,462,198,6336,1
0000324.jpg,481,104,521,193,3560,3
0000324.jpg,531,90,570,189,3861,2
0000323.jpg,437,150,481,296,6424,1
0000323.jpg,504,198,540,289,3276,3
0000323.jpg,551,183,591,282,3960,2
0000322.jpg,402,295,448,441,6716,1
0000322.jpg,467,342,510,436,4042,3
0000322.jpg,513,327,555,429,4284,2
0000321.jpg,283,273,326,416,6149,1
0000321.jpg,347,318,384,408,3330,3
0000321.jpg,393,303,431,400,3686,2
0000320.jpg,140,205,179,332,4953,1
0000320.jpg,202,248,235,329,2673,3
0000320.jpg,247,235,281,324,3026,2
0000319.jpg,134,170,175,302,5412,1
0000319.jpg,195,216,227,296,2560,3
0000319.jpg,236,204,272,291,3132,2
0000318.jpg,66,85,109,214,5547,1
0000318.jpg,128,134,162,215,2754,3
0000318.jpg,173,124,210,214,3330,2
0000317.jpg,76,302,116,431,5160,1
0000317.jpg,137,349,170,431,2706,3
0000317.jpg,181,338,218,427,3293,2
0000316.jpg,81,284,121,413,5160,1
0000316.jpg,141,332,175,412,2720,3
0000316.jpg,188,322,224,411,3204,2
0000315.jpg,171,286,209,415,4902,1
0000315.jpg,232,331,266,413,2788,3
0000315.jpg,273,320,309,408,3168,2
0000314.jpg,335,250,373,371,4598,1
0000314.jpg,391,298,425,372,2516,3
0000314.jpg,434,287,468,368,2754,2
0000313.jpg,387,284,424,405,4477,1
0000313.jpg,442,329,476,405,2584,3
0000313.jpg,485,321,522,407,3182,2
0000312.jpg,454,234,493,353,4641,1
0000312.jpg,513,276,547,352,2584,3
0000312.jpg,554,264,590,351,3132,2
0000311.jpg,451,47,486,164,4095,1
0000311.jpg,509,90,541,166,2432,3
0000311.jpg,553,75,585,160,2720,2
0000310.jpg,442,39,477,160,4235,1
0000310.jpg,498,79,530,155,2432,3
0000310.jpg,540,68,573,154,2838,2
0000309.jpg,376,236,411,355,4165,1
0000309.jpg,431,279,461,353,2220,3
0000309.jpg,472,268,506,352,2856,2
0000308.jpg,324,190,364,320,5200,1
0000308.jpg,387,238,420,322,2772,3
0000308.jpg,431,227,469,318,3458,2
0000307.jpg,228,138,276,294,7488,1
0000307.jpg,306,194,345,294,3900,3
0000307.jpg,356,183,402,291,4968,2
0000306.jpg,297,168,359,365,12214,1
0000306.jpg,392,244,446,370,6804,3
0000306.jpg,460,230,523,371,8883,2
0000305.jpg,304,161,365,363,12322,1
0000305.jpg,398,239,449,365,6426,3
0000305.jpg,470,221,527,366,8265,2
0000304.jpg,206,103,304,414,30478,1
0000304.jpg,356,210,434,406,15288,3
0000304.jpg,464,178,546,398,18040,2
0000303.jpg,204,108,300,418,29760,1
0000303.jpg,350,218,431,413,15795,3
0000303.jpg,457,183,541,404,18564,2
0000302.jpg,347,280,433,475,16770,1
0000302.jpg,494,390,582,478,7744,3
0000302.jpg,609,360,640,477,3627,2
0000301.jpg,159,160,278,475,37485,1
0000301.jpg,316,310,416,480,17000,3
0000301.jpg,468,277,581,477,22600,2
0000300.jpg,258,1,365,269,28676,1
0000300.jpg,384,72,468,261,15876,3
0000300.jpg,503,34,596,255,20553,2
0000299.jpg,197,5,304,313,32956,1
0000299.jpg,331,95,414,300,17015,3
0000299.jpg,458,65,547,291,20114,2
0000298.jpg,194,3,308,280,31578,1
0000298.jpg,336,61,419,270,17347,3
0000298.jpg,467,30,552,261,19635,2
0000297.jpg,299,305,368,479,12006,1
0000297.jpg,385,382,440,480,5390,3
0000297.jpg,469,358,529,478,7200,2
0000296.jpg,291,302,362,479,12567,1
0000296.jpg,380,380,435,479,5445,3
0000296.jpg,463,357,520,478,6897,2
0000295.jpg,276,48,339,266,13734,1
0000295.jpg,358,127,411,258,6943,3
0000295.jpg,439,103,497,254,8758,2
0000294.jpg,152,172,214,374,12524,1
0000294.jpg,228,242,277,367,6125,3
0000294.jpg,301,222,360,359,8083,2
0000293.jpg,475,345,534,478,7847,1
0000293.jpg,534,401,583,478,3773,3
0000293.jpg,586,378,637,479,5151,2
0000292.jpg,505,120,560,299,9845,1
0000292.jpg,559,172,607,284,5376,3
0000292.jpg,616,146,639,270,2852,2
0000291.jpg,411,76,471,262,11160,1
0000291.jpg,470,132,515,243,4995,3
0000291.jpg,521,105,577,228,6888,2
0000290.jpg,332,104,390,298,11252,1
0000290.jpg,398,164,450,281,6084,3
0000290.jpg,461,139,514,270,6943,2
0000289.jpg,365,181,451,431,21500,1
0000289.jpg,443,259,510,410,10117,3
0000289.jpg,505,231,576,389,11218,2
0000288.jpg,138,39,247,409,40330,1
0000288.jpg,243,164,335,375,19412,3
0000288.jpg,333,126,428,344,20710,2
0000287.jpg,434,59,537,391,34196,1
0000287.jpg,547,161,623,360,15124,3
0000286.jpg,312,55,409,375,31040,1
0000286.jpg,420,159,495,349,14250,3
0000286.jpg,509,122,592,328,17098,2
0000285.jpg,152,114,235,400,23738,1
0000285.jpg,246,207,313,375,11256,3
0000285.jpg,334,175,400,358,12078,2
0000284.jpg,205,205,279,430,16650,1
0000284.jpg,284,279,341,417,7866,3
0000284.jpg,352,255,419,405,10050,2
0000283.jpg,183,29,320,452,57951,1
0000283.jpg,337,168,437,415,24700,3
0000283.jpg,472,123,572,386,26300,2
0000282.jpg,170,15,308,438,58374,1
0000282.jpg,331,155,425,405,23500,3
0000282.jpg,463,111,564,374,26563,2
0000281.jpg,389,72,500,444,41292,1
0000281.jpg,520,194,614,422,21432,3
0000280.jpg,151,37,269,401,42952,1
0000280.jpg,287,152,372,371,18615,3
0000280.jpg,405,114,490,346,19720,2
0000279.jpg,204,70,294,384,28260,1
0000279.jpg,314,178,391,366,14476,3
0000279.jpg,417,150,503,352,17372,2
0000278.jpg,168,138,228,341,12180,1
0000278.jpg,242,210,291,332,5978,3
0000278.jpg,313,189,364,323,6834,2
0000277.jpg,406,33,447,174,5781,1
0000277.jpg,458,85,494,167,2952,3
0000277.jpg,511,70,553,169,4158,2
0000276.jpg,200,53,242,191,5796,1
0000276.jpg,252,101,288,187,3096,3
0000276.jpg,302,94,341,190,3744,2
0000275.jpg,109,88,150,224,5576,1
0000275.jpg,160,142,196,224,2952,3
0000275.jpg,213,133,251,224,3458,2
0000274.jpg,109,232,150,369,5617,1
0000274.jpg,160,288,196,372,3024,3
0000274.jpg,212,280,253,374,3854,2
0000273.jpg,335,226,370,352,4410,1
0000273.jpg,379,276,413,355,2686,3
0000273.jpg,425,267,468,358,3913,2
0000272.jpg,335,241,370,369,4480,1
0000272.jpg,381,292,413,373,2592,3
0000272.jpg,426,283,466,375,3680,2
0000271.jpg,342,59,382,187,5120,1
0000271.jpg,389,105,423,190,2890,3
0000271.jpg,437,97,474,186,3293,2
0000270.jpg,262,101,301,239,5382,1
0000270.jpg,310,156,345,239,2905,3
0000270.jpg,361,146,403,243,4074,2
0000269.jpg,272,102,313,239,5617,1
0000269.jpg,323,155,360,241,3182,3
0000269.jpg,376,144,413,245,3737,2
0000268.jpg,293,69,342,228,7791,1
0000268.jpg,352,129,393,230,4141,3
0000268.jpg,409,119,454,232,5085,2
0000267.jpg,177,71,237,262,11460,1
0000267.jpg,249,145,299,264,5950,3
0000267.jpg,319,134,372,271,7261,2
0000266.jpg,159,90,227,315,15300,1
0000266.jpg,243,178,301,324,8468,3
0000266.jpg,327,169,392,337,10920,2
0000265.jpg,129,47,244,440,45195,1
0000265.jpg,278,200,385,451,26857,3
0000265.jpg,428,181,556,467,36608,2
0000264.jpg,169,31,275,397,38796,1
0000264.jpg,309,174,403,405,21714,3
0000264.jpg,450,153,570,415,31440,2
0000263.jpg,143,117,242,431,31086,1
0000263.jpg,270,233,348,429,15288,3
0000263.jpg,395,204,479,432,19152,2
0000262.jpg,157,24,230,276,18396,1
0000262.jpg,251,122,316,277,10075,3
0000262.jpg,350,104,424,283,13246,2
0000261.jpg,199,82,266,293,14137,1
0000261.jpg,279,163,338,292,7611,3
0000261.jpg,361,149,424,296,9261,2
0000260.jpg,245,149,294,315,8134,1
0000260.jpg,308,212,351,312,4300,3
0000260.jpg,371,200,421,315,5750,2
0000259.jpg,316,104,360,242,6072,1
0000259.jpg,372,159,410,247,3344,3
0000259.jpg,424,152,469,249,4365,2
0000258.jpg,238,113,276,232,4522,1
0000258.jpg,284,159,316,229,2240,3
0000258.jpg,331,151,365,230,2686,2
0000257.jpg,220,132,258,258,4788,1
0000257.jpg,268,177,301,259,2706,3
0000257.jpg,315,169,348,253,2772,2
0000256.jpg,238,139,277,272,5187,1
0000256.jpg,288,191,323,273,2870,3
0000256.jpg,339,182,376,274,3404,2
0000255.jpg,239,184,279,319,5400,1
0000255.jpg,292,231,326,319,2992,3
0000255.jpg,346,220,382,314,3384,2
0000254.jpg,220,134,277,314,10260,1
0000254.jpg,291,202,337,317,5290,3
0000254.jpg,361,188,415,316,6912,2
0000253.jpg,180,185,238,370,10730,1
0000253.jpg,244,252,297,365,5989,3
0000253.jpg,312,236,368,364,7168,2
0000252.jpg,245,262,301,459,11032,1
0000252.jpg,316,331,369,455,6572,3
0000252.jpg,394,314,447,454,7420,2
0000251.jpg,324,129,405,400,21951,1
0000251.jpg,423,236,496,403,12191,3
0000251.jpg,526,222,607,408,15066,2
0000250.jpg,394,118,452,305,10846,1
0000250.jpg,468,60,533,206,9490,2
0000250.jpg,480,204,533,319,6095,3
0000249.jpg,309,87,382,324,17301,1
0000249.jpg,411,16,484,205,13797,2
0000249.jpg,416,202,480,350,9472,3
0000248.jpg,186,165,268,440,22550,1
0000248.jpg,322,82,401,289,16353,2
0000248.jpg,325,278,391,442,10824,3
0000247.jpg,150,148,234,432,23856,1
0000247.jpg,294,63,377,274,17513,2
0000247.jpg,291,269,365,438,12506,3
0000246.jpg,189,116,283,431,29610,1
0000246.jpg,356,25,460,264,24856,2
0000246.jpg,356,258,441,454,16660,3
0000245.jpg,125,116,213,403,25256,1
0000245.jpg,279,29,366,247,18966,2
0000245.jpg,280,239,355,414,13125,3
0000244.jpg,387,101,444,279,10146,1
0000244.jpg,481,50,538,181,7467,2
0000244.jpg,481,178,533,288,5720,3
0000243.jpg,262,97,323,299,12322,1
0000243.jpg,371,35,432,182,8967,2
0000243.jpg,372,184,427,301,6435,3
0000242.jpg,223,127,313,401,24660,1
0000242.jpg,375,41,464,247,18334,2
0000242.jpg,377,242,452,414,12900,3
0000241.jpg,89,71,226,414,46991,1
0000241.jpg,271,5,386,219,24610,2
0000241.jpg,294,209,390,407,19008,3
0000240.jpg,2,136,109,457,34347,1
0000240.jpg,366,7,465,252,24255,2
0000240.jpg,376,243,459,428,15355,3
0000239.jpg,2,196,61,479,16697,1
0000239.jpg,328,74,425,322,24056,2
0000239.jpg,339,312,424,478,14110,3
0000238.jpg,115,10,284,417,68783,2
0000238.jpg,385,60,545,429,59040,3
0000238.jpg,2,1,33,384,11873,1
0000237.jpg,35,31,210,438,71225,2
0000237.jpg,306,85,459,449,55692,3
0000236.jpg,113,28,269,383,55380,2
0000236.jpg,355,64,492,395,45347,3
0000236.jpg,2,1,36,373,12648,1
0000235.jpg,170,57,287,338,32877,1
0000235.jpg,277,139,389,366,25424,2
0000235.jpg,374,165,489,392,26105,3
0000234.jpg,326,112,406,323,16880,1
0000234.jpg,406,177,483,340,12551,2
0000234.jpg,480,204,560,367,13040,3
0000233.jpg,272,52,345,259,15111,1
0000233.jpg,345,122,417,283,11592,2
0000233.jpg,414,152,486,307,11160,3
0000232.jpg,206,132,293,373,20967,1
0000232.jpg,312,212,389,401,14553,2
0000232.jpg,412,249,492,429,14400,3
0000231.jpg,183,96,267,340,20496,1
0000231.jpg,285,182,363,375,15054,2
0000231.jpg,389,226,462,409,13359,3
0000230.jpg,119,64,253,426,48508,1
0000230.jpg,309,162,416,432,28890,2
0000230.jpg,485,191,585,435,24400,3
0000229.jpg,73,63,228,455,60760,1
0000229.jpg,281,168,408,451,35941,2
0000229.jpg,474,190,579,448,27090,3
0000228.jpg,170,282,220,458,8800,1
0000228.jpg,255,331,304,459,6272,2
0000228.jpg,334,346,380,461,5290,3
0000227.jpg,176,103,236,276,10380,1
0000227.jpg,260,148,318,270,7076,2
0000227.jpg,340,152,394,266,6156,3
0000226.jpg,125,42,195,216,12180,1
0000226.jpg,217,84,275,204,6960,2
0000226.jpg,297,89,351,201,6048,3
0000225.jpg,352,160,413,333,10553,1
0000225.jpg,439,203,497,327,7192,2
0000225.jpg,521,215,573,326,5772,3
0000224.jpg,335,69,394,260,11269,1
0000224.jpg,427,125,480,259,7102,2
0000224.jpg,515,145,568,263,6254,3
0000223.jpg,189,160,262,369,15257,1
0000223.jpg,295,214,362,370,10452,2
0000223.jpg,394,228,457,368,8820,3
0000222.jpg,219,124,313,391,25098,1
0000222.jpg,353,188,433,381,15440,2
0000222.jpg,479,205,552,374,12337,3
0000221.jpg,208,198,297,474,24564,1
0000221.jpg,345,271,427,468,16154,2
0000221.jpg,477,290,547,470,12600,3
0000220.jpg,162,219,261,464,24255,1
0000220.jpg,263,267,349,440,14878,2
0000220.jpg,399,263,473,415,11248,3
0000219.jpg,265,121,358,409,26784,1
0000219.jpg,372,188,452,395,16560,2
0000219.jpg,521,210,601,379,13520,3
0000218.jpg,273,97,366,387,26970,1
0000218.jpg,380,171,463,379,17264,2
0000218.jpg,535,196,615,371,14000,3
0000217.jpg,409,0,542,377,50141,1
0000217.jpg,562,65,639,360,22715,2
0000216.jpg,373,93,421,206,5424,3
0000216.jpg,439,24,500,208,11224,1
0000216.jpg,546,66,598,198,6864,2
0000215.jpg,271,226,334,346,7560,3
0000215.jpg,339,142,415,343,15276,1
0000215.jpg,456,183,525,330,10143,2
0000214.jpg,201,169,258,292,7011,3
0000214.jpg,273,90,344,294,14484,1
0000214.jpg,388,143,451,290,9261,2
0000213.jpg,103,170,189,361,16426,3
0000213.jpg,215,62,311,368,29376,1
0000213.jpg,390,158,481,382,20384,2
0000212.jpg,116,172,199,361,15687,3
0000212.jpg,226,67,323,375,29876,1
0000212.jpg,396,164,491,385,20995,2
0000211.jpg,104,167,173,348,12489,3
0000211.jpg,193,80,284,369,26299,1
0000211.jpg,345,183,437,407,20608,2
0000210.jpg,105,168,179,344,13024,3
0000210.jpg,189,77,281,365,26496,1
0000210.jpg,350,173,432,388,17630,2
0000209.jpg,227,156,301,317,11914,3
0000209.jpg,307,71,393,333,22532,1
0000209.jpg,454,155,534,361,16480,2
0000208.jpg,213,151,284,314,11573,3
0000208.jpg,292,69,372,331,20960,1
0000208.jpg,439,160,518,360,15800,2
0000207.jpg,99,197,173,358,11914,3
0000207.jpg,176,117,262,376,22274,1
0000207.jpg,322,206,402,404,15840,2
0000206.jpg,114,258,169,380,6710,3
0000206.jpg,175,194,240,388,12610,1
0000206.jpg,283,255,339,399,8064,2
0000205.jpg,363,116,413,232,5800,3
0000205.jpg,438,47,499,234,11407,1
0000205.jpg,536,100,595,231,7729,2
0000204.jpg,357,106,409,218,5824,3
0000204.jpg,433,37,491,222,10730,1
0000204.jpg,528,91,587,220,7611,2
0000203.jpg,325,311,376,429,6018,3
0000203.jpg,402,249,462,434,11100,1
0000203.jpg,499,302,559,438,8160,2
0000202.jpg,262,142,322,288,8760,3
0000202.jpg,355,60,422,280,14740,1
0000202.jpg,471,115,537,275,10560,2
0000201.jpg,280,127,342,273,9052,3
0000201.jpg,373,40,438,269,14885,1
0000201.jpg,490,101,554,256,9920,2
0000200.jpg,156,167,256,372,20500,3
0000200.jpg,283,34,394,360,36186,1
0000200.jpg,467,109,562,342,22135,2
0000199.jpg,175,244,267,448,18768,3
0000199.jpg,299,118,405,431,33178,1
0000199.jpg,481,189,572,419,20930,2
0000198.jpg,161,113,278,354,28197,3
0000198.jpg,283,2,415,322,42240,1
0000198.jpg,447,39,556,297,28122,2
0000197.jpg,165,321,266,477,15756,3
0000197.jpg,295,180,419,478,36952,1
0000197.jpg,432,271,555,480,25707,2
0000196.jpg,1,265,32,480,6665,3
0000196.jpg,57,103,188,479,49256,1
0000196.jpg,221,201,334,463,29606,2
0000195.jpg,0,250,28,478,6384,3
0000195.jpg,40,81,182,464,54386,1
0000195.jpg,212,175,326,437,29868,2
0000194.jpg,377,232,480,476,25132,3
0000194.jpg,512,76,638,453,47502,1
0000193.jpg,158,191,281,447,31488,3
0000193.jpg,292,22,425,409,51471,1
0000193.jpg,449,109,565,377,31088,2
0000192.jpg,204,222,293,441,19491,3
0000192.jpg,321,86,430,416,35970,1
0000192.jpg,434,166,544,391,24750,2
0000191.jpg,140,218,240,451,23300,3
0000191.jpg,258,75,372,414,38646,1
0000191.jpg,391,154,494,387,23999,2
0000190.jpg,299,233,367,387,10472,3
0000190.jpg,382,144,462,373,18320,1
0000190.jpg,462,200,541,370,13430,2
0000189.jpg,402,294,452,405,5550,3
0000189.jpg,462,232,517,405,9515,1
0000189.jpg,537,279,588,405,6426,2
0000188.jpg,421,296,472,405,5559,3
0000188.jpg,478,234,534,406,9632,1
0000188.jpg,553,278,605,405,6604,2
0000187.jpg,379,187,438,321,7906,3
0000187.jpg,451,111,518,317,13802,1
0000187.jpg,544,165,601,316,8607,2
0000186.jpg,268,203,353,379,14960,3
0000186.jpg,349,99,457,377,30024,1
0000186.jpg,485,172,573,377,18040,2
0000185.jpg,482,35,565,222,15521,3
0000185.jpg,573,3,640,229,15142,1
0000184.jpg,268,218,358,394,15840,3
0000184.jpg,336,118,444,405,30996,1
0000184.jpg,444,198,534,413,19350,2
0000183.jpg,229,239,322,410,15903,3
0000183.jpg,292,132,407,418,32890,1
0000183.jpg,403,209,498,417,19760,2
0000182.jpg,299,225,355,358,7448,3
0000182.jpg,356,160,429,361,14673,1
0000182.jpg,432,212,488,365,8568,2
0000181.jpg,286,265,339,393,6784,3
0000181.jpg,342,199,410,402,13804,1
0000181.jpg,414,255,471,400,8265,2
0000180.jpg,178,218,222,322,4576,3
0000180.jpg,234,159,284,326,8350,1
0000180.jpg,288,205,334,325,5520,2
0000179.jpg,82,75,132,183,5400,3
0000179.jpg,131,13,191,185,10320,1
0000179.jpg,192,60,239,179,5593,2
0000178.jpg,97,89,149,195,5512,3
0000178.jpg,148,27,208,199,10320,1
0000178.jpg,208,70,256,191,5808,2
0000177.jpg,336,205,387,314,5559,3
0000177.jpg,382,144,447,313,10985,1
0000177.jpg,445,181,500,309,7040,2
0000176.jpg,272,214,335,342,8064,3
0000176.jpg,327,139,405,340,15678,1
0000176.jpg,400,184,468,335,10268,2
0000175.jpg,224,163,300,344,13756,3
0000175.jpg,320,66,410,351,25650,1
0000175.jpg,409,150,497,354,17952,2
0000174.jpg,214,177,287,356,13067,3
0000174.jpg,306,82,400,365,26602,1
0000174.jpg,399,162,488,367,18245,2
0000173.jpg,151,206,230,389,14457,3
0000173.jpg,339,185,419,390,16400,2
0000173.jpg,484,120,597,405,32205,1
0000172.jpg,66,217,156,401,16560,3
0000172.jpg,255,183,341,387,17544,2
0000172.jpg,415,104,511,392,27648,1
0000171.jpg,84,95,222,331,32568,3
0000171.jpg,212,60,337,299,29875,2
0000171.jpg,329,77,464,400,43605,1
0000170.jpg,22,103,155,344,32053,3
0000170.jpg,153,60,272,302,28798,2
0000170.jpg,261,73,411,392,47850,1
0000169.jpg,250,93,310,211,7080,3
0000169.jpg,310,75,371,193,7198,2
0000169.jpg,367,82,437,235,10710,1
0000168.jpg,233,123,292,239,6844,3
0000168.jpg,294,102,354,221,7140,2
0000168.jpg,350,107,422,260,11016,1
0000167.jpg,347,114,443,264,14400,3
0000167.jpg,404,81,507,233,15656,2
0000167.jpg,474,82,611,279,26989,1
0000166.jpg,341,98,438,248,14550,3
0000166.jpg,396,63,503,218,16585,2
0000166.jpg,474,65,607,262,26201,1
0000165.jpg,148,153,266,378,26550,3
0000165.jpg,264,110,371,336,24182,2
0000165.jpg,369,117,502,421,40432,1
0000164.jpg,64,159,183,381,26418,3
0000164.jpg,179,117,291,338,24752,2
0000164.jpg,283,119,411,420,38528,1
0000163.jpg,85,85,251,388,50298,3
0000163.jpg,241,38,393,336,45296,2
0000163.jpg,393,34,586,444,79130,1
0000162.jpg,80,129,234,378,38346,3
0000162.jpg,213,94,340,339,31115,2
0000162.jpg,341,102,493,431,50008,1
0000161.jpg,116,160,255,396,32804,3
0000161.jpg,241,129,362,362,28193,2
0000161.jpg,365,129,515,445,47400,1
0000160.jpg,227,232,323,376,13824,3
0000160.jpg,307,210,401,351,13254,2
0000160.jpg,375,215,474,395,17820,1
0000159.jpg,291,107,378,240,11571,3
0000159.jpg,362,81,451,217,12104,2
0000159.jpg,432,78,530,254,17248,1
0000158.jpg,175,179,303,310,16768,3
0000158.jpg,257,170,384,304,17018,2
0000158.jpg,294,186,453,360,27666,1
0000157.jpg,169,137,300,265,16768,3
0000157.jpg,250,126,380,257,17030,2
0000157.jpg,282,145,448,317,28552,1
0000156.jpg,373,85,450,174,6853,3
0000156.jpg,433,77,511,171,7332,2
0000156.jpg,477,86,565,201,10120,1
0000155.jpg,242,101,340,226,12250,3
0000155.jpg,307,91,404,221,12610,2
0000155.jpg,357,102,469,273,19152,1
0000154.jpg,254,116,352,247,12838,3
0000154.jpg,324,105,422,233,12544,2
0000154.jpg,372,118,489,290,20124,1
0000153.jpg,229,105,320,250,13195,3
0000153.jpg,302,86,393,235,13559,2
0000153.jpg,369,95,467,290,19110,1
0000152.jpg,96,245,180,412,14028,3
0000152.jpg,175,219,256,384,13365,2
0000152.jpg,255,217,348,441,20832,1
0000151.jpg,111,219,196,396,15045,3
0000151.jpg,192,192,276,367,14700,2
0000151.jpg,277,190,373,424,22464,1
0000150.jpg,93,151,212,334,21777,3
0000150.jpg,228,104,332,336,24128,1
0000150.jpg,418,152,520,344,19584,2
0000149.jpg,139,141,212,293,11096,3
0000149.jpg,233,99,320,287,16356,1
0000149.jpg,370,132,462,289,14444,2
0000148.jpg,307,92,391,204,9408,3
0000148.jpg,359,56,467,193,14796,1
0000148.jpg,468,73,567,184,10989,2
0000147.jpg,297,160,389,270,10120,3
0000147.jpg,345,118,464,249,15589,1
0000147.jpg,454,119,564,228,11990,2
0000146.jpg,291,90,350,217,7493,3
0000146.jpg,363,66,440,229,12551,1
0000146.jpg,474,121,553,253,10428,2
0000145.jpg,176,169,251,316,11025,3
0000145.jpg,271,130,368,314,17848,1
0000145.jpg,409,166,512,318,15656,2
0000144.jpg,174,184,242,316,8976,3
0000144.jpg,263,147,350,313,14442,1
0000144.jpg,390,179,484,318,13066,2
0000143.jpg,322,198,377,292,5170,3
0000143.jpg,394,171,455,289,7198,1
0000143.jpg,500,183,564,282,6336,2
0000142.jpg,249,173,333,333,13440,3
0000142.jpg,355,109,445,316,18630,1
0000142.jpg,507,132,613,305,18338,2
0000141.jpg,354,259,476,421,19764,3
0000141.jpg,471,227,592,429,24442,1
0000140.jpg,269,317,338,405,6072,3
0000140.jpg,363,301,450,408,9309,1
0000140.jpg,516,324,588,422,7056,2
0000139.jpg,292,318,361,402,5796,3
0000139.jpg,388,303,472,406,8652,1
0000139.jpg,533,328,609,421,7068,2
0000138.jpg,300,92,362,163,4402,3
0000138.jpg,389,78,467,164,6708,1
0000138.jpg,523,95,590,174,5293,2
0000137.jpg,297,43,358,115,4392,3
0000137.jpg,384,36,465,119,6723,1
0000137.jpg,515,50,590,131,6075,2
0000136.jpg,258,135,325,215,5360,3
0000136.jpg,358,107,444,204,8342,1
0000136.jpg,513,102,589,193,6916,2
0000135.jpg,232,109,299,193,5628,3
0000135.jpg,333,80,418,183,8755,1
0000135.jpg,487,83,563,178,7220,2
0000134.jpg,260,125,337,205,6160,3
0000134.jpg,354,108,461,211,11021,1
0000134.jpg,503,128,598,228,9500,2
0000133.jpg,254,126,337,212,7138,3
0000133.jpg,351,116,456,219,10815,1
0000133.jpg,502,131,594,231,9200,2
0000132.jpg,162,207,270,326,12852,3
0000132.jpg,290,188,425,334,19710,1
0000132.jpg,492,216,609,358,16614,2
0000131.jpg,135,181,244,302,13189,3
0000131.jpg,262,162,398,310,20128,1
0000131.jpg,464,198,582,337,16402,2
0000130.jpg,297,104,344,176,3384,3
0000130.jpg,389,82,444,171,4895,1
0000130.jpg,534,94,585,169,3825,2
0000129.jpg,293,120,337,189,3036,3
0000129.jpg,381,98,439,183,4930,1
0000129.jpg,526,107,574,179,3456,2
0000128.jpg,275,147,327,232,4420,3
0000128.jpg,383,116,448,223,6955,1
0000128.jpg,550,124,611,216,5612,2
0000127.jpg,224,153,277,240,4611,3
0000127.jpg,331,121,397,226,6930,1
0000127.jpg,497,126,557,217,5460,2
0000126.jpg,222,175,289,273,6566,3
0000126.jpg,335,137,410,254,8775,1
0000126.jpg,495,134,579,232,8232,2
0000125.jpg,193,177,263,280,7210,3
0000125.jpg,307,143,383,257,8664,1
0000125.jpg,466,135,551,234,8415,2
0000124.jpg,204,117,288,246,10836,3
0000124.jpg,332,73,416,230,13188,1
0000124.jpg,500,92,589,222,11570,2
0000123.jpg,114,170,248,355,24790,3
0000123.jpg,266,82,412,310,33288,1
0000123.jpg,481,89,619,265,24288,2
0000122.jpg,513,54,636,256,24846,3
0000121.jpg,77,238,244,401,27221,3
0000121.jpg,212,147,392,320,31140,1
0000121.jpg,417,108,581,237,21156,2
0000120.jpg,464,224,623,399,27825,3
0000120.jpg,616,149,638,231,1804,1
0000119.jpg,231,267,361,410,18590,3
0000119.jpg,357,198,499,359,22862,1
0000119.jpg,507,71,576,239,11592,2
0000118.jpg,549,265,638,427,14418,3
0000117.jpg,464,86,517,203,6201,3
0000117.jpg,555,7,613,199,11136,1
0000116.jpg,479,85,532,207,6466,3
0000116.jpg,570,6,630,196,11400,1
0000115.jpg,438,142,495,279,7809,3
0000115.jpg,541,57,609,267,14280,1
0000114.jpg,450,170,507,308,7866,3
0000114.jpg,556,84,618,297,13206,1
0000113.jpg,69,44,185,376,38512,1
0000113.jpg,219,127,320,336,21109,2
0000112.jpg,62,29,179,367,39546,1
0000112.jpg,214,115,316,333,22236,2
0000111.jpg,321,192,427,421,24274,3
0000111.jpg,475,63,608,406,45619,1
0000110.jpg,332,222,434,452,23460,3
0000110.jpg,488,84,614,430,43596,1
0000109.jpg,3,11,155,343,50464,3
0000109.jpg,265,-1,410,304,44225,1
0000109.jpg,491,2,637,258,37376,2
0000108.jpg,4,10,162,360,55300,3
0000108.jpg,273,2,445,324,55384,1
0000108.jpg,508,4,639,274,35370,2
0000107.jpg,70,178,187,447,31473,3
0000107.jpg,267,26,420,433,62271,1
0000107.jpg,463,135,608,402,38715,2
0000106.jpg,61,186,174,453,30171,3
0000106.jpg,260,37,397,436,54663,1
0000106.jpg,446,142,583,402,35620,2
0000105.jpg,192,154,271,345,15089,3
0000105.jpg,343,46,428,347,25585,1
0000105.jpg,505,131,601,344,20448,2
0000104.jpg,408,186,536,459,34944,3
0000103.jpg,229,107,272,209,4386,3
0000103.jpg,303,49,351,211,7776,1
0000103.jpg,385,97,434,208,5439,2
0000102.jpg,439,143,485,242,4554,3
0000102.jpg,514,85,569,257,9460,1
0000102.jpg,605,138,638,256,3894,2
0000101.jpg,353,111,399,219,4968,3
0000101.jpg,430,48,481,215,8517,1
0000101.jpg,514,89,565,204,5865,2
0000100.jpg,384,93,428,202,4796,3
0000100.jpg,461,30,512,199,8619,1
0000100.jpg,544,69,597,189,6360,2
0000099.jpg,498,306,545,407,4747,3
0000099.jpg,576,244,628,407,8476,1
0000098.jpg,218,184,265,293,5123,3
0000098.jpg,295,124,348,291,8851,1
0000098.jpg,374,163,424,277,5700,2
0000097.jpg,204,210,248,319,4796,3
0000097.jpg,282,141,338,313,9632,1
0000097.jpg,368,180,415,299,5593,2
0000096.jpg,163,196,224,341,8845,3
0000096.jpg,262,110,324,324,13268,1
0000096.jpg,362,153,419,302,8493,2
0000095.jpg,158,211,215,350,7923,3
0000095.jpg,255,127,318,340,13419,1
0000095.jpg,350,171,409,314,8437,2
0000094.jpg,253,194,328,384,14250,3
0000094.jpg,374,83,468,369,26884,1
0000094.jpg,492,147,579,337,16530,2
0000093.jpg,244,217,326,423,16892,3
0000093.jpg,373,91,467,393,28388,1
0000093.jpg,491,153,579,347,17072,2
0000092.jpg,192,249,291,477,22572,3
0000092.jpg,311,104,424,428,36612,1
0000092.jpg,414,166,502,369,17864,2
0000090.jpg,163,318,315,479,24472,3
0000090.jpg,399,87,578,477,69810,1
0000090.jpg,590,187,638,479,14016,2
0000089.jpg,99,163,196,385,21534,3
0000089.jpg,223,42,335,431,43568,1
0000089.jpg,419,167,548,465,38442,2
0000088.jpg,137,139,234,357,21146,3
0000088.jpg,258,20,371,404,43392,1
0000088.jpg,458,148,584,450,38052,2
0000087.jpg,119,131,214,344,20235,3
0000087.jpg,242,21,350,394,40284,1
0000087.jpg,432,142,557,431,36125,2
0000086.jpg,166,170,243,361,14707,3
0000086.jpg,272,77,373,407,33330,1
0000086.jpg,434,194,549,446,28980,2
0000085.jpg,148,151,224,340,14364,3
0000085.jpg,253,55,354,381,32926,1
0000085.jpg,416,175,525,421,26814,2
0000084.jpg,222,171,286,331,10240,3
0000084.jpg,321,92,399,357,20670,1
0000084.jpg,460,180,542,372,15744,2
0000083.jpg,334,222,385,347,6375,3
0000083.jpg,414,162,478,366,13056,1
0000083.jpg,523,226,592,377,10419,2
0000082.jpg,289,233,342,357,6572,3
0000082.jpg,364,172,432,379,14076,1
0000082.jpg,473,241,544,394,10863,2
0000081.jpg,401,295,444,393,4214,3
0000081.jpg,473,241,521,396,7440,1
0000081.jpg,558,285,609,399,5814,2
0000080.jpg,396,297,438,399,4284,3
0000080.jpg,466,249,511,404,6975,1
0000080.jpg,555,290,601,401,5106,2
0000079.jpg,382,259,426,360,4444,3
0000079.jpg,456,204,508,375,8892,1
0000079.jpg,548,261,601,382,6413,2
0000078.jpg,400,248,442,352,4368,3
0000078.jpg,471,197,524,363,8798,1
0000078.jpg,565,249,620,370,6655,2
0000077.jpg,370,309,408,409,3800,3
0000077.jpg,439,253,494,417,9020,1
0000077.jpg,527,301,577,419,5900,2
0000076.jpg,379,285,422,386,4343,3
0000076.jpg,454,231,506,396,8580,1
0000076.jpg,536,282,589,393,5883,2
0000075.jpg,375,124,416,225,4141,3
0000075.jpg,443,70,495,231,8372,1
0000075.jpg,526,117,579,231,6042,2
0000074.jpg,290,144,329,240,3744,3
0000074.jpg,362,92,409,248,7332,1
0000074.jpg,439,134,488,242,5292,2
0000073.jpg,221,119,266,219,4500,3
0000073.jpg,301,59,353,229,8840,1
0000073.jpg,387,111,434,226,5405,2
0000072.jpg,280,168,332,286,6136,3
0000072.jpg,370,100,429,294,11446,1
0000072.jpg,468,154,529,288,8174,2
0000071.jpg,297,185,345,304,5712,3
0000071.jpg,380,118,447,310,12864,1
0000071.jpg,484,172,545,308,8296,2
0000070.jpg,166,182,243,367,14245,3
0000070.jpg,302,77,388,371,25284,1
0000070.jpg,446,151,536,357,18540,2
0000069.jpg,151,209,227,391,13832,3
0000069.jpg,283,101,371,392,25608,1
0000069.jpg,430,179,518,381,17776,2
0000068.jpg,274,139,376,384,24990,3
0000068.jpg,442,6,589,412,59682,1
0000067.jpg,155,238,260,476,24990,3
0000067.jpg,338,76,455,471,46215,1
0000067.jpg,479,181,584,439,27090,2
0000066.jpg,130,212,242,480,30016,3
0000066.jpg,319,46,436,449,47151,1
0000066.jpg,458,156,568,411,28050,2
0000065.jpg,128,204,235,460,27392,3
0000065.jpg,301,49,409,413,39312,1
0000065.jpg,435,139,524,374,20915,2
0000064.jpg,189,217,272,412,16185,3
0000064.jpg,330,107,428,403,29008,1
0000064.jpg,446,190,541,388,18810,2
0000063.jpg,184,217,265,409,15552,3
0000063.jpg,324,110,418,399,27166,1
0000063.jpg,439,188,528,387,17711,2
0000062.jpg,114,180,178,328,9472,3
0000062.jpg,224,91,290,313,14652,1
0000062.jpg,316,147,374,298,8758,2
0000061.jpg,166,82,219,201,6307,3
0000061.jpg,253,5,311,190,10730,1
0000061.jpg,331,51,381,181,6500,2
0000060.jpg,167,97,220,216,6307,3
0000060.jpg,254,22,310,205,10248,1
0000060.jpg,331,68,381,194,6300,2
0000059.jpg,391,315,440,431,5684,3
0000059.jpg,472,251,527,422,9405,1
0000059.jpg,541,297,594,413,6148,2
0000058.jpg,377,229,427,342,5650,3
0000058.jpg,461,162,511,333,8550,1
0000058.jpg,529,206,579,321,5750,2
0000057.jpg,260,270,309,382,5488,3
0000057.jpg,340,205,390,370,8250,1
0000057.jpg,407,249,456,363,5586,2
0000056.jpg,265,302,315,413,5550,3
0000056.jpg,346,238,398,409,8892,1
0000056.jpg,413,282,461,398,5568,2
0000055.jpg,195,273,255,415,8520,3
0000055.jpg,293,195,364,408,15123,1
0000055.jpg,373,246,434,390,8784,2
0000054.jpg,215,273,282,411,9246,3
0000054.jpg,313,192,387,405,15762,1
0000054.jpg,390,249,456,391,9372,2
0000053.jpg,304,157,355,265,5508,3
0000053.jpg,385,87,443,261,10092,1
0000053.jpg,466,135,515,253,5782,2
0000052.jpg,306,186,351,293,4815,3
0000052.jpg,390,122,442,294,8944,1
0000052.jpg,470,166,520,290,6200,2
0000051.jpg,296,257,346,370,5650,3
0000051.jpg,388,196,443,375,9845,1
0000051.jpg,466,249,522,378,7224,2
0000050.jpg,309,256,357,371,5520,3
0000050.jpg,397,196,456,379,10797,1
0000050.jpg,480,252,540,383,7860,2
0000049.jpg,184,203,251,362,10653,3
0000049.jpg,305,109,381,361,19152,1
0000049.jpg,424,179,489,356,11505,2
0000048.jpg,182,133,249,292,10653,3
0000048.jpg,307,41,383,295,19304,1
0000048.jpg,421,113,492,294,12851,2
0000047.jpg,135,204,226,419,19565,3
0000047.jpg,303,87,405,431,35088,1
0000047.jpg,452,188,561,437,27141,2
0000046.jpg,146,211,234,427,19008,3
0000046.jpg,312,98,419,438,36380,1
0000046.jpg,461,203,570,445,26378,2
0000045.jpg,509,171,606,416,23765,3
0000044.jpg,90,163,182,374,19412,3
0000044.jpg,239,33,350,403,41070,1
0000044.jpg,407,147,517,435,31680,2
0000043.jpg,57,169,142,374,17425,3
0000043.jpg,203,49,307,407,37232,1
0000043.jpg,359,166,468,443,30193,2
0000042.jpg,162,168,243,352,14904,3
0000042.jpg,290,54,389,369,31185,1
0000042.jpg,436,148,536,391,24300,2
0000041.jpg,241,159,309,317,10744,3
0000041.jpg,358,65,442,341,23184,1
0000041.jpg,489,151,569,361,16800,2
0000040.jpg,236,151,292,278,7112,3
0000040.jpg,336,79,398,293,13268,1
0000040.jpg,437,148,500,308,10080,2
0000039.jpg,408,105,442,191,2924,3
0000039.jpg,477,53,520,198,6235,1
0000039.jpg,549,103,591,204,4242,2
0000038.jpg,411,101,447,188,3132,3
0000038.jpg,479,50,521,196,6132,1
0000038.jpg,549,97,593,201,4576,2
0000037.jpg,422,116,460,203,3306,3
0000037.jpg,491,64,536,213,6705,1
0000037.jpg,560,112,607,219,5029,2
0000036.jpg,434,292,473,379,3393,3
0000036.jpg,503,245,547,391,6424,1
0000036.jpg,571,291,615,400,4796,2
0000035.jpg,436,297,474,382,3230,3
0000035.jpg,504,251,551,394,6721,1
0000035.jpg,574,295,622,402,5136,2
0000034.jpg,335,227,377,326,4158,3
0000034.jpg,414,174,467,340,8798,1
0000034.jpg,497,230,547,345,5750,2
0000033.jpg,234,211,284,315,5200,3
0000033.jpg,322,143,377,314,9405,1
0000033.jpg,411,192,459,314,5856,2
0000032.jpg,263,254,307,354,4400,3
0000032.jpg,348,195,394,353,7268,1
0000032.jpg,429,241,475,354,5198,2
0000031.jpg,290,187,333,289,4386,3
0000031.jpg,370,125,415,285,7200,1
0000031.jpg,449,170,493,284,5016,2
0000030.jpg,321,203,360,301,3822,3
0000030.jpg,403,142,452,302,7840,1
0000030.jpg,485,188,530,303,5175,2
0000029.jpg,305,225,345,330,4200,3
0000029.jpg,389,169,436,333,7708,1
0000029.jpg,469,217,519,333,5800,2
0000028.jpg,278,205,326,316,5328,3
0000028.jpg,369,146,424,322,9680,1
0000028.jpg,456,199,511,327,7040,2
0000027.jpg,218,196,271,323,6731,3
0000027.jpg,320,131,383,329,12474,1
0000027.jpg,418,191,480,335,8928,2
0000026.jpg,198,188,266,346,10744,3
0000026.jpg,327,104,407,357,20240,1
0000026.jpg,451,184,534,365,15023,2
0000025.jpg,154,231,230,423,14592,3
0000025.jpg,303,129,392,425,26344,1
0000025.jpg,452,216,542,434,19620,2
0000024.jpg,110,165,189,356,15089,3
0000024.jpg,251,54,338,346,25404,1
0000024.jpg,383,141,469,347,17716,2
0000023.jpg,376,133,424,226,4464,3
0000023.jpg,439,72,491,224,7904,1
0000023.jpg,503,116,551,221,5040,2
0000022.jpg,355,123,394,215,3588,3
0000022.jpg,419,70,466,218,6956,1
0000022.jpg,483,113,525,223,4620,2
0000021.jpg,398,86,435,176,3330,3
0000021.jpg,459,32,504,182,6750,1
0000021.jpg,523,82,565,197,4830,2
0000020.jpg,362,129,402,228,3960,3
0000020.jpg,429,75,478,233,7742,1
0000020.jpg,494,130,543,243,5537,2
0000019.jpg,356,201,405,315,5586,3
0000019.jpg,439,143,490,328,9435,1
0000019.jpg,516,206,571,347,7755,2
0000018.jpg,347,123,398,239,5916,3
0000018.jpg,436,52,494,246,11252,1
0000018.jpg,521,110,576,255,7975,2
0000017.jpg,295,126,351,267,7896,3
0000017.jpg,395,44,462,272,15276,1
0000017.jpg,492,117,557,280,10595,2
0000016.jpg,206,168,270,331,10432,3
0000016.jpg,324,71,407,338,22161,1
0000016.jpg,446,154,528,349,15990,2
0000015.jpg,378,94,423,202,4860,3
0000015.jpg,459,30,506,196,7802,1
0000015.jpg,533,77,580,190,5311,2
0000014.jpg,372,104,415,209,4515,3
0000014.jpg,452,38,504,204,8632,1
0000014.jpg,528,85,577,204,5831,2
0000013.jpg,385,125,426,229,4264,3
0000013.jpg,465,56,515,227,8550,1
0000013.jpg,541,105,596,223,6490,2
0000012.jpg,307,141,362,277,7480,3
0000012.jpg,404,59,468,272,13632,1
0000012.jpg,495,120,559,264,9216,2
0000011.jpg,160,193,247,394,17487,3
0000011.jpg,304,72,396,372,27600,1
0000011.jpg,441,149,525,359,17640,2
0000010.jpg,146,197,236,397,18000,3
0000010.jpg,289,74,384,377,28785,1
0000010.jpg,431,151,513,366,17630,2
0000009.jpg,111,193,203,394,18492,3
0000009.jpg,257,74,354,400,31622,1
0000009.jpg,401,171,495,413,22748,2
0000008.jpg,126,180,203,363,14091,3
0000008.jpg,259,73,346,373,26100,1
0000008.jpg,390,166,474,388,18648,2
0000007.jpg,227,156,281,291,7290,3
0000007.jpg,323,78,390,300,14874,1
0000007.jpg,419,146,484,308,10530,2
0000006.jpg,262,143,319,259,6612,3
0000006.jpg,352,69,410,259,11020,1
0000006.jpg,432,123,488,258,7560,2
0000005.jpg,398,84,442,190,4664,3
0000005.jpg,476,27,529,196,8957,1
0000005.jpg,553,73,607,200,6858,2
0000004.jpg,354,182,400,295,5198,3
0000004.jpg,435,115,490,294,9845,1
0000004.jpg,514,168,570,297,7224,2
0000003.jpg,261,208,309,314,5088,3
0000003.jpg,343,149,393,315,8300,1
0000003.jpg,418,198,467,317,5831,2
0000002.jpg,233,235,282,354,5831,3
0000002.jpg,325,170,377,349,9308,1
0000002.jpg,404,223,462,352,7482,2
0000001.jpg,196,233,256,385,9120,3
0000001.jpg,306,147,376,384,16590,1
0000001.jpg,409,219,479,387,11760,2
0000000.jpg,354,301,431,470,13013,3
0000000.jpg,480,218,581,480,26462,1
0000000.jpg,603,319,638,478,5565,2
